scorer,,,Xiaojia,Xiaojia,Xiaojia,Xiaojia,Xiaojia,Xiaojia,Xiaojia,Xiaojia,Xiaojia,Xiaojia,Xiaojia,Xiaojia,Xiaojia,Xiaojia,Xiaojia,Xiaojia,Xiaojia,Xiaojia,Xiaojia,Xiaojia,Xiaojia,Xiaojia,Xiaojia,Xiaojia
individuals,,,individual1,individual1,individual1,individual1,individual1,individual1,individual1,individual1,individual1,individual1,individual1,individual1,individual1,individual1,individual1,individual1,individual1,individual1,individual1,individual1,individual1,individual1,individual1,individual1
bodyparts,,,bodypart1,bodypart1,bodypart2,bodypart2,bodypart3,bodypart3,bodypart4,bodypart4,bodypart5,bodypart5,bodypart6,bodypart6,bodypart7,bodypart7,bodypart8,bodypart8,bodypart9,bodypart9,bodypart10,bodypart10,bodypart11,bodypart11,bodypart12,bodypart12
coords,,,x,y,x,y,x,y,x,y,x,y,x,y,x,y,x,y,x,y,x,y,x,y,x,y
labeled-data,orange01-train-2022-05-10-18.15.05,img0000.png,,,,,,,,,,,,,,,,,,,,,,,,
labeled-data,orange01-train-2022-05-10-18.15.05,img0026.png,,,,,,,,,,,,,,,,,,,,,,,,
labeled-data,orange01-train-2022-05-10-18.15.05,img0052.png,,,,,,,,,,,,,,,,,,,,,,,,
labeled-data,orange01-train-2022-05-10-18.15.05,img1000.png,,,,,,,,,,,,,,,,,,,,,,,,
labeled-data,orange01-train-2022-05-10-18.15.05,img1100.png,,,,,,,,,,,,,,,,,,,,,,,,
labeled-data,orange01-train-2022-05-10-18.15.05,img1200.png,,,,,,,,,,,,,,,,,,,,,,,,
labeled-data,orange01-train-2022-05-10-18.15.05,img1300.png,,,,,,,,,,,,,,,,,,,,,,,,
labeled-data,orange01-train-2022-05-10-18.15.05,img1450.png,,,,,,,,,,,,,,,,,,,,,,,,
labeled-data,orange01-train-2022-05-10-18.15.05,img1500.png,,,,,,,,,,,,,,,,,,,,,,,,
labeled-data,orange01-train-2022-05-10-18.15.05,img1600.png,,,,,,,,,,,,,,,,,,,,,,,,
labeled-data,orange01-train-2022-05-10-18.15.05,img1800.png,,,,,,,,,,,,,,,,,,,,,,,,
labeled-data,orange01-train-2022-05-10-18.15.05,img1850.png,,,,,,,,,,,,,,,,,,,,,,,,
labeled-data,orange01-train-2022-05-10-18.15.05,img1900.png,,,,,,,,,,,,,,,,,,,,,,,,
labeled-data,orange01-train-2022-05-10-18.15.05,img2226.png,317.14075677268,187.11006082285957,320.2366194887505,198.97753456779668,322.3005279661309,212.90891679011406,322.30052796613097,226.84029901243147,322.3005279661309,242.31961259278418,321.7845508467859,259.8628346505173,320.75259660809564,277.4060567082503,319.7206423694055,295.4652558853285,316.97856962320606,313.6055486371435,314.5608711759547,329.51974576210426,311.980985579229,348.61089917787257,309.91707710184875,361.51032716149984
labeled-data,orange01-train-2022-05-10-18.15.05,img2252.png,316.8997790540491,187.29936179259857,320.0314320905366,198.7820895930529,322.2508279959684,212.74290104280675,322.5776126895623,226.89886997171456,322.18729773125443,242.68876236859228,321.5972586087804,259.84932380455984,320.5533742632846,277.5953576779892,319.5094899177887,295.8633337241665,317.421721226797,313.087425424848,314.8120103630574,328.74569060728567,311.68035732656983,348.05755099895885,310.1145308083261,360.5841631449089
labeled-data,orange01-train-2022-05-10-18.15.05,img2400.png,317.1745651005441,187.12236803074236,320.28235792342036,199.03557385176782,322.35421980533783,212.50267608423138,322.8721852758172,226.4877437871743,322.8721852758172,242.5446733720347,321.324161516972,260.5953031872608,320.32111418219654,278.16616986585615,318.2741825019251,295.17534436136657,315.73253332271935,311.9366166072182,312.4049968227184,327.5312053893543,307.76031239113723,348.45078987654034,305.3545591435962,360.2782720325519
labeled-data,orange01-train-2022-05-10-18.15.05,img2500.png,317.62125958469977,186.84983486531578,320.36656554046937,198.9987050526992,322.2890521981973,211.97039453812465,322.85041378616586,226.79308576645542,322.8504137861659,242.9443981174064,321.4242808221296,260.3014464672432,319.99814785809343,278.7130093536322,318.09663723937854,294.9924873506648,315.7197489659848,312.3495357005016,312.8674830379125,327.5616206502211,307.16295118176765,348.9536151107641,304.78606290837394,359.88730116837496
labeled-data,orange01-train-2022-05-10-18.15.05,img3000.png,317.1199411656274,186.54125534522242,320.40691151050873,199.53755732305743,322.42726654289345,212.30078200812633,323.05278736462907,226.49054803642701,321.9143909502844,243.1818375571385,320.18427229326926,260.4206069673892,318.0114406039139,280.3183630765872,315.56108595436166,295.1784143850162,311.10958913388095,312.32861403286097,307.0215982675033,328.28739590824966,300.70455652750235,347.721020274389,297.5403240135471,359.64408607580003
labeled-data,orange01-train-2022-05-10-18.15.05,img3100.png,317.3501398237952,186.59485417578748,320.46089235159906,199.55483748646645,322.23761633596087,211.8076965358108,322.71299399063963,225.98583508660408,321.8068053364083,241.76837322193805,320.3479901586129,260.3526547170043,317.70530808618383,280.1246842745259,315.40109143961246,295.07306386313286,310.75724597546946,312.4986260174502,306.62740260044797,327.23236220214926,300.3345908966382,347.7478791118784,297.0396295276464,359.2876716792046
labeled-data,orange01-train-2022-05-10-18.15.05,img3500.png,316.2588435674974,187.2398228087728,319.6280826950329,200.23545944355268,322.22483313371555,214.0927180774378,322.5160019472062,228.6778987450497,321.5533621964818,244.51688797687677,318.91798732335656,263.6656941294046,315.16844607207804,281.4715584074649,310.07578467971166,297.0186171940865,304.22584668344194,312.86431027831185,296.52472867764646,327.30390653917834,286.41701129503986,346.5567015536671,281.12249266605545,354.2578195594626
labeled-data,orange01-train-2022-05-10-18.15.05,img3600.png,316.76909360076274,186.64122291772625,320.68190730770056,199.98309333112516,322.6903778987182,214.7495117295833,322.42892018864495,229.4030279350553,321.50550643860714,244.79652888224155,319.03946190256664,264.45321663658666,314.92686657574626,281.21919229503743,309.8670656637594,297.3315236783046,304.4000443683334,312.01492925381444,296.80488472095806,327.20804139228676,286.5081961569832,346.3964398618335,281.9029751272829,354.6858377152939
labeled-data,orange01-train-2022-05-10-18.15.05,img3700.png,316.986865461493,187.14616714050823,320.9431646410923,201.15521203667458,322.2486455411326,214.95017724134271,322.32035878786826,230.26393990577463,321.89549000899905,246.10033959314728,319.5393995079975,264.20849306598336,315.99783598064084,281.17971980981326,310.48468153286353,297.40233342900405,304.707616682021,312.9812531813628,298.21871169565634,327.6167644581638,287.09487457617394,346.8162577531217,282.4599424430563,355.1591355927335
labeled-data,orange01-train-2022-05-10-18.15.05,img3750.png,316.7012389262725,187.48511767858707,320.4804912809684,200.46310591793699,322.39982856173384,214.724435558299,322.37011745831643,230.09083997916863,321.89771091397944,245.7396781491242,319.09298275137485,264.10411117143195,315.2840192932615,281.33375830981487,310.589664953309,297.3955808172727,303.9462622291737,313.0147078838108,296.86016406411886,327.54046634458786,286.0245246477854,346.938845765822,281.2707481009981,355.4124524604704
labeled-data,orange01-train-2022-05-10-18.15.05,img3755.png,317.61611213603277,188.1660961689143,320.5040313882061,200.68041292833198,322.3234598224442,214.53084221746013,322.36035799378044,229.9043699294373,322.06246237549726,245.78792581639053,319.06007176211943,264.21463647614485,315.6908326345839,281.77372032922,309.9149941302373,297.6754594114647,303.6578357505284,312.8279438877289,296.4380376200952,327.74886002395766,284.8863606114019,345.55769541235975,279.1105221070553,353.74013329351743
labeled-data,orange01-train-2022-05-10-18.15.05,img3760.png,316.5625341255235,188.42701907912624,319.56632668102475,200.813578093849,321.3846462101709,214.45097456244517,320.9300663278843,229.45211067790098,317.7480071518786,246.27156632250293,314.5659479758728,262.6364420848184,307.7472497415747,279.0013178471338,300.4739716249901,294.0024539625896,291.3823739792593,308.0944303134723,282.29077633352847,320.8226670174954,265.7575611070751,337.54108731905757,258.65262245462844,344.91540077868206
labeled-data,orange01-train-2022-05-10-18.15.05,img3780.png,316.7156339558782,187.65393616820484,320.9583795238859,200.45347952042977,321.8497126264085,213.82347605826916,322.74104572893117,229.42180535241513,321.4040460751473,244.41438467008672,316.9473805625341,261.5097970432297,310.70804884487575,280.2277921962048,302.24038437091076,296.2717880416121,292.4357202431619,309.6417845794515,281.294056461629,321.2291149122457,264.80439406496043,335.4904445526077,257.22806269351815,341.7297762702661
labeled-data,orange01-train-2022-05-10-18.15.05,img3800.png,316.6351744385938,186.81635557538686,320.9051312843413,201.07937362502113,322.32235091735225,214.7791634107939,321.84994437301526,230.36857937391463,320.9051312843413,245.95799533703536,316.1810658409713,262.4922243888301,308.15015458724247,280.44367307363575,299.64683678917663,296.0330890367565,288.78148626942584,308.7880657338553,277.916135749675,318.23619662059514,260.90950015354326,330.99117331769395,250.98896272246643,339.0220845714228
labeled-data,orange01-train-2022-05-10-18.15.05,img3850.png,317.40531684008033,187.45007073948804,320.6614319936113,200.36923473894694,322.47157306735716,214.38794982762036,323.2373248202108,229.255450795423,321.5768666503954,246.2672435898013,315.6380095884715,262.50819225080465,307.09817893326357,279.2109150590376,296.7621530761655,294.3040810844832,284.3547962890505,305.4279182039656,271.5535338707434,313.9847159881828,253.1224843766577,324.23590620023407,242.4604214044049,329.3699848707645
labeled-data,orange01-train-2022-05-10-18.15.05,img3860.png,317.7667919970142,187.7013550892591,321.1835688900176,200.72967393779814,322.4552041162832,214.8573036127818,322.4581752266249,229.1542865772447,320.88051563515984,245.78359115997515,314.91136357120183,262.92506334920444,306.2002594366122,279.6572201661767,294.4287202626301,294.27211193720603,280.9725615248802,305.3573246222458,267.64118942148343,313.48628251725216,250.1680895016982,322.4709201906802,240.32777204984842,326.7493190827888
labeled-data,orange01-train-2022-05-10-18.15.05,img3880.png,317.3310192431909,185.99189704303436,320.4803962054375,201.38224861325838,322.9404755683999,215.82184487412493,322.93750445805824,231.01907427213573,320.57844284671495,247.1195212140361,314.8352865561275,262.88423268731964,305.6209954232794,279.4072309420225,295.5667580268241,293.37144954821036,281.3232550485126,305.38067754953187,266.8004676980772,312.9213555968733,248.6469835100331,321.02060238846224,238.87203048570163,325.20986797031856
labeled-data,orange01-train-2022-05-10-18.15.05,img3890.png,318.2039433460361,187.48796994451513,320.82761948564064,200.99671230346712,322.9577198928234,215.8769292598608,322.5744466587388,231.47525855400679,320.1444748665206,247.9556111523232,314.05204811051107,263.1303913321726,304.89336901503157,279.23585729751085,293.4060971634389,293.201994444534,280.53026421274643,302.45805572856705,266.13331606617055,310.3166425824748,247.2092617301089,318.6624915324283,237.38974205065128,322.0198462185969
labeled-data,orange01-train-2022-05-10-18.15.05,img3900.png,317.32154753041675,187.7357982738817,320.09607677838216,201.53709922083192,323.121874798985,215.68427018879316,323.2420719349331,231.3142908830689,319.6652657788295,247.19482687297523,313.008894101588,265.3432839291538,303.04330492576594,280.12813471549777,290.8097946836717,294.21520711548504,275.98129742052726,303.4830179049504,263.3770747468544,309.78512924178676,247.06572775739545,317.199377873359,236.31506724161568,320.1650773259879
labeled-data,orange01-train-2022-05-10-18.15.05,img3950.png,317.212827345445,186.42233479432522,320.60952069589075,202.03631378407297,322.7293415143447,215.9949157172179,322.49146682928165,230.7293985270799,319.39652965479195,246.18738518692518,312.14646056163116,263.0462784744379,303.1154485047952,277.46313393905206,290.19437129671053,290.10598082627564,275.79721004768487,300.01160064679226,260.392591242922,305.504907104311,240.1664208472318,310.47703744357375,232.0199027039735,312.5175700494162
labeled-data,orange01-train-2022-05-10-18.15.05,img3970.png,317.7443917399445,187.19328837662897,321.32034097179036,200.3307166817417,322.612453961564,215.39550001820172,322.3981965195373,229.0816173504817,319.3195740766973,245.47921391625164,311.7098256842723,262.16675274878827,300.01140375004536,278.87964023265005,288.07014524804407,291.3637301216955,272.9789410268655,299.39031461022574,258.77461041011094,304.64769152735255,239.86222079203074,309.3613552519405,229.57786357474785,311.71818711423447
labeled-data,orange01-train-2022-05-10-18.15.05,img3990.png,317.3035279210335,187.38464292299585,321.56439612376937,200.47159525997031,322.7539476589415,215.53826570652166,322.7539476589415,228.31710813152372,320.5788255440475,244.6305239932285,311.8783370844716,260.94393985493326,300.45894598127825,278.8886973028085,287.4082132919144,290.5799786703636,272.4542487520184,298.736686601216,258.31595500520757,302.5431503022804,239.55552676424708,306.34961400334487,228.951806454139,307.70906532515363
labeled-data,orange01-train-2022-05-10-18.15.05,img4000.png,317.35999465022246,187.11083526711496,321.2589349019499,200.757126148161,323.59829905298636,212.84384092851607,323.2084050278136,226.49013180956211,321.2589349019499,244.03536294233558,313.46105439849504,261.1907000499363,302.20920189463743,277.6772724479172,288.89773081261217,291.60243401341035,273.30196980570247,299.01042049169246,259.26578489948366,303.2992547685926,239.99400521071973,307.03122256502064,230.0237330115279,308.75777112101105
labeled-data,orange01-train-2022-05-10-18.15.05,img4100.png,317.1925969848508,186.5446816339288,320.69448351608946,200.94132626235444,323.41817304038625,214.9488723873091,322.6399760334443,229.34551701573474,319.3054863970155,246.01796519787877,311.35611943278633,262.41888981076664,299.29406582518646,277.98282994960516,283.3410271828769,290.43398206067593,269.3334810579223,296.2704596127404,254.93683642949668,298.6050506335662,235.09281275247753,300.550543150921,224.97625166223253,300.93964165439195
labeled-data,orange01-train-2022-05-10-18.15.05,img4200.png,317.3201492694993,187.20815955765624,321.7289544423625,200.98183623130018,323.3370966481998,213.95014790743596,322.3316842959042,229.461018708144,319.19963067841167,243.90442020616626,312.196186054528,258.8872105108926,296.7925397358855,277.8917092157113,281.98903548160575,288.29417166466465,265.58515238902544,293.49540288914125,253.5823111017716,295.2958290822294,232.1772441395022,295.2958290822295,222.5749711096991,295.0957817274418
labeled-data,orange01-train-2022-05-10-18.15.05,img4230.png,316.9771830490115,186.67680163354694,321.2865585903715,200.21079321645306,323.35318228060555,212.2288473149281,322.35925495254634,229.4569210012875,319.3774729683688,243.37190359411625,311.4260543438952,259.2747408430634,294.86059887624185,276.50281452942284,279.6203798460009,286.11077870066174,264.0488517064068,289.4238697941924,250.46517822293112,289.4238697941924,226.94223145886343,286.4420878100147,218.6595037250368,284.78554226324945
labeled-data,orange01-train-2022-05-10-18.15.05,img4240.png,317.9458311031469,186.6603248477337,321.6971966511954,199.64865580420621,322.69599861225316,213.37241911194818,321.6971966511954,228.85384950834413,317.70198880696415,242.83707696315335,307.2145682158572,259.3173093206071,291.7331378194614,273.3005367754163,274.75350448147867,280.79155148334985,254.27806427979374,281.29095246387874,242.79184172762902,278.2945465807053,222.31640152594406,271.3029328533007,214.82538681801054,268.80592795065616
labeled-data,orange01-train-2022-05-10-18.15.05,img4250.png,318.0628271992339,187.3458474063374,321.89770961993133,200.03045849018275,322.78268248624613,214.48501530665766,321.60271866449307,228.6445811676943,317.09613307533215,244.4834049498898,306.2631889817034,259.3236405332737,290.4971199032111,272.1398000573833,273.89590514108136,278.1622010525291,256.40971751263686,278.49805263676086,241.95516069616195,273.4832063943104,223.37073050355133,264.6334777311625,215.11098375127995,259.61863148871197
labeled-data,orange01-train-2022-05-10-18.15.05,img4270.png,317.05436570886513,186.49273097581295,320.6921980007821,198.52957538459637,323.4268127488093,212.6905688066945,321.3026637354946,228.97571124210737,315.63826636665533,244.19877917086296,303.95544679342436,258.0057477574086,286.60822985135417,269.33454249508713,267.4908887315215,273.22881568616407,251.2057462961087,269.3345424950871,237.7528025451155,261.9000209484856,222.8837594519124,250.57122621080703,214.741188234206,244.19877917086288
labeled-data,orange01-train-2022-05-10-18.15.05,img4290.png,317.24488338809215,186.26575768706368,320.25799395631446,199.25938824734152,322.7889259506173,212.7685856215186,320.48593142150554,228.99886338510424,313.9386292663741,244.72981560462927,301.83004957530795,257.07131994610177,285.20461413627055,266.6105042144019,265.03605311186453,269.6085335558676,247.32042518502143,264.15757111683905,236.14595218501273,255.7085793363446,223.8812866971983,243.98901009243306,215.97739116060677,235.2674701899872
labeled-data,orange01-train-2022-05-10-18.15.05,img4300.png,317.6272131408043,187.00108356162275,321.2249777153676,199.8502427564916,322.3986838647219,213.35162289368373,320.2151021783903,228.9235225662807,313.5516877110544,244.52127783910856,300.57785388599206,257.3493382504062,283.719591800188,265.9642581931768,263.842953617276,268.71966452405644,246.4959173792712,261.72254066334864,235.5629113469152,252.39304218240486,224.4841319007945,240.5853956674604,216.90391438502766,232.27631108286985
labeled-data,orange01-train-2022-05-10-18.15.05,img4310.png,316.9256343104171,185.21539611477397,321.29434843667246,199.34947122912973,323.0309088494308,213.38410345035368,320.64220757732346,228.26976231719033,313.31745298899443,243.57141235319747,299.9022436920337,257.2227713403367,281.9759213003738,265.6511326746531,263.4731320597626,267.70699814583213,247.26797575127463,261.42747902496416,236.37797504320707,251.1965051612579,223.1267721878743,236.35504971035203,216.70219259043986,229.15952056122546
labeled-data,orange01-train-2022-05-10-18.15.05,img4311.png,316.9256343104171,185.21539611477397,321.29434843667246,199.34947122912973,323.0309088494308,213.38410345035368,320.64220757732346,228.26976231719033,313.31745298899443,243.57141235319747,299.9022436920337,257.2227713403367,281.9759213003738,265.6511326746531,263.4731320597626,267.70699814583213,247.26797575127463,261.42747902496416,236.37797504320707,251.1965051612579,223.1267721878743,236.35504971035203,216.70219259043986,229.15952056122546
labeled-data,orange01-train-2022-05-10-18.15.05,img4330.png,317.57979922543586,185.91833235097278,321.5729715247373,200.01327981219725,322.3929979790581,213.5140052050733,320.4109405589786,227.22817516490014,313.87449780714604,243.96146860959158,299.86274143549025,257.1977651820525,282.5144281500582,265.3564341804764,262.8902443428518,266.3547272553016,246.2015175532865,260.15699108242774,235.16087152337286,249.57983826582583,222.67032364668913,234.0112200750973,218.44243363039016,225.9208866145336
labeled-data,orange01-train-2022-05-10-18.15.05,img4331.png,317.57979922543586,185.91833235097278,321.5729715247373,200.01327981219725,322.3929979790581,213.5140052050733,320.4109405589786,227.22817516490014,313.87449780714604,243.96146860959158,300.2371013385498,256.8234052789929,282.5144281500582,265.3564341804764,262.8902443428518,266.3547272553016,246.2015175532865,260.15699108242774,235.16087152337286,249.57983826582583,222.67032364668913,234.0112200750973,218.44243363039016,225.9208866145336
labeled-data,orange01-train-2022-05-10-18.15.05,img4350.png,317.0407274047694,185.12736262616713,321.9159047401657,200.35290875581083,322.50222887519897,213.83317246877658,320.85608358029697,227.04671199608154,313.43733546121575,242.56966949105325,298.977245319243,256.27494744064666,282.1131514968587,263.9987045272173,263.36725434765316,265.01200331932813,246.03270969356353,257.19520149724195,234.79860539895483,245.96109720263325,223.9884295682936,231.1236009644708,218.6893237689499,223.06896014946832
labeled-data,orange01-train-2022-05-10-18.15.05,img4351.png,317.0407274047694,185.12736262616713,321.9159047401657,199.97854885275132,322.1278689721395,213.45881256571712,320.4817236772375,227.04671199608154,313.43733546121575,242.56966949105325,298.977245319243,256.27494744064666,282.1131514968587,263.9987045272173,263.36725434765316,265.01200331932813,246.03270969356353,257.19520149724195,234.79860539895483,245.96109720263325,223.9884295682936,231.1236009644708,218.6893237689499,223.06896014946832
labeled-data,orange01-train-2022-05-10-18.15.05,img4370.png,317.5402284923495,187.00558046942993,321.5244874606257,200.18839705573959,322.6564805008294,214.25363341354668,320.1518344827408,228.01581651649605,313.3255429827406,243.00836931725738,299.0985466011564,255.4956160672686,280.8826690959357,263.5146428796305,263.3379325116179,263.8299105921859,246.9733867656332,257.0108823415571,236.21730633250053,245.49452864063394,225.60879233082736,228.82593959079927,219.40973127580662,220.20773275820943
labeled-data,orange01-train-2022-05-10-18.15.05,img4371.png,317.5402284923495,187.00558046942993,321.5244874606257,200.18839705573959,322.6564805008294,214.25363341354668,320.1518344827408,228.01581651649605,313.3255429827406,243.00836931725738,299.0985466011564,255.4956160672686,280.8826690959357,263.5146428796305,263.3379325116179,263.8299105921859,246.9733867656332,257.0108823415571,236.21730633250053,245.49452864063394,225.60879233082736,228.82593959079927,219.40973127580662,220.20773275820943
labeled-data,orange01-train-2022-05-10-18.15.05,img4420.png,316.7658338362123,186.38307343062806,321.40076596933005,200.28786982998105,322.23861908570126,213.2656798027105,320.15289962579834,228.38268922149427,312.73700821281005,242.9648987787644,298.68959851705347,255.21181560742528,281.5403496245182,261.93246720044584,264.3911007319828,261.93246720044584,246.46342092991102,254.80477349060658,235.6545215066533,243.16099206131935,225.52303524131278,226.83771184378827,220.19286328822747,217.65103866712172
labeled-data,orange01-train-2022-05-10-18.15.05,img4421.png,316.7658338362123,186.38307343062806,321.40076596933005,200.28786982998105,322.23861908570126,213.2656798027105,320.15289962579834,228.38268922149427,312.73700821281005,242.9648987787644,298.68959851705347,255.21181560742528,281.5403496245182,261.93246720044584,264.3911007319828,261.93246720044584,246.46342092991102,254.80477349060658,235.6545215066533,243.16099206131935,225.52303524131278,226.83771184378827,220.19286328822747,217.65103866712172
labeled-data,orange01-train-2022-05-10-18.15.05,img4440.png,317.25524255947994,185.46642646799378,322.0327879890012,199.85254274270898,322.68346115384276,211.48443973062925,320.43730173548573,228.3306353683069,312.0142039166469,242.9306715876275,298.7244273580346,254.91018848553162,280.3807921081189,262.3973865467217,261.1012571005545,261.6486667406027,245.19096122052562,253.41274887329362,234.5217039833298,239.9357923631515,226.84732597060997,225.7101160468904,221.4191073762472,216.35111847040278
labeled-data,orange01-train-2022-05-10-18.15.05,img4441.png,317.25524255947994,185.46642646799378,322.0327879890012,199.85254274270898,322.68346115384276,211.48443973062925,320.43730173548573,228.3306353683069,312.0142039166469,242.9306715876275,298.7244273580346,254.91018848553162,280.3807921081189,262.3973865467217,261.1012571005545,261.6486667406027,245.19096122052562,253.41274887329362,234.5217039833298,239.9357923631515,226.84732597060997,225.7101160468904,221.4191073762472,216.35111847040278
labeled-data,orange01-train-2022-05-10-18.15.05,img4470.png,317.379049983467,186.7016096004937,321.96318927022884,200.31983583714165,322.34108822472245,213.1944325767156,320.9268397020532,227.3369178034079,313.1484728273724,241.83296516076757,298.65242547001264,254.5612018647907,280.26719467531257,261.9860066088042,261.97109719086484,262.0008621605129,246.32523013125098,254.2076397341234,235.01124194989708,240.41871663809835,226.17218868321436,225.56910715007137,222.283005245874,215.66936749138674
labeled-data,orange01-train-2022-05-10-18.15.05,img4471.png,317.1617818270149,185.91429164090806,321.5471406914262,200.775785570302,322.52166488351764,211.49555168330744,321.0598785953805,225.86978351665564,313.02005401062644,242.6803258302324,298.1585600812325,254.861878231375,280.61712462358724,262.41444072008335,261.0493919128739,262.1708096720606,244.92814719858129,253.1267497917977,234.81448759529124,240.7312774460497,226.04376986646858,224.89525932456436,221.65841100205728,216.12454159574173
labeled-data,orange01-train-2022-05-10-18.15.05,img4490.png,317.28658183136463,185.27015491881838,322.09978058498683,200.5119509719553,322.420660501895,212.2240679391026,319.2118613328135,228.42850374296395,312.63382303619653,242.5472200869224,297.3920269830597,255.0615368463401,279.9040715115658,261.1582552675949,261.9347961647096,261.80001510141113,243.96552081785347,252.33405755262086,233.85780343524686,238.85710104247875,226.6380053048136,224.73838469852035,221.82480655119141,215.11198719127597
labeled-data,orange01-train-2022-05-10-18.15.05,img4491.png,317.2997379079579,185.5837853264926,321.56625235869956,200.371001497343,322.5881315929728,212.50145080060764,319.81014342344395,227.6541135434923,313.24398956819397,241.5440543911366,298.5964155834055,254.9289064806847,279.9081315338477,261.49506033593474,261.21984748428997,261.2425159568867,244.0468297090207,252.65600706925198,233.1874214099534,238.00843308446352,225.61109003851107,224.11849223681924,221.82292435278987,214.77435021204036
labeled-data,orange01-train-2022-05-10-18.15.05,img4510.png,317.21872018560407,186.35793783713694,321.6219057120659,200.6638341326251,322.5488921386894,212.25116446541927,319.7679328588188,227.7781871113634,312.35204144583054,243.30520975730752,298.11448068820255,255.45705105503274,281.25640060915777,262.31437372377343,260.79733479592176,261.46853584059505,245.8407653355921,252.80682063019873,234.02168839614205,238.43853101753396,227.06929019646557,224.99722783149275,221.97086485003615,215.49561695860154
labeled-data,orange01-train-2022-05-10-18.15.05,img4511.png,317.61066599627287,185.95684753415807,322.5654752210832,200.03210278796598,323.00065842301166,211.60126006206664,320.04197258918225,227.38438191177903,311.6410303460008,242.35087116618982,298.462605111423,254.49820183788194,279.39967442099567,260.76102705372455,262.3332858600678,260.51339928294806,244.83579246719125,253.13723953416783,234.66439991980255,239.61424075409795,227.31015159612878,224.68815250578615,221.6527699710595,215.11412206336126
labeled-data,orange01-train-2022-05-10-18.15.05,img4550.png,317.149271966921,187.39117116958118,322.44379059590534,199.74504797054482,323.3262103674027,211.51064492384342,320.0906712052457,227.68834073462915,311.5606134141042,243.2777566977499,296.5594772986483,255.33749357488108,279.98068159172743,261.21137872050514,261.6329904466925,260.3842697861804,242.73187123730693,251.77216116479056,233.30156701261754,237.6534448208321,226.55417542652125,224.45280157247205,222.14207656903423,214.74618408600065
labeled-data,orange01-train-2022-05-10-18.15.05,img4551.png,317.3226644809099,186.71863063262444,322.4775409238324,200.5432070527504,322.10615213111464,211.91364633059737,320.08579709873004,228.48055759615124,311.3982704594762,243.63322033903592,296.2456077165915,255.9573860365821,279.88073195427614,261.81641563049754,261.91263702075395,260.82052353635373,244.75329438385947,251.75029379267536,234.83572806312438,239.24191925394115,225.93725258960683,224.30317645566194,222.70468453779142,213.9340013629821
labeled-data,orange01-train-2022-05-10-18.15.05,img4580.png,317.2993412647273,187.14658936624897,321.91644673579447,201.65749227531734,322.24623998372783,212.21087620918524,319.2086424734237,228.37074535792044,311.14024924231995,242.85270950723012,297.0556128529084,255.27347101682497,279.9526694796423,261.67694130274396,260.6385748989671,259.73578487578175,244.63491023530491,250.02713944175073,235.51061577725108,237.27516305212146,227.59557782685013,222.43446689511973,222.99918747932773,213.08161666284676
labeled-data,orange01-train-2022-05-10-18.15.05,img4581.png,316.6780822899148,186.22692890265319,321.5730383948739,200.46048920785336,321.9201984023178,212.61108946839005,319.6225741024439,227.53896978847803,310.2492539014584,243.7070737592478,297.27183787380034,254.68369824521952,278.5914453479462,261.1975698836766,259.9848334501931,259.4290734698446,243.32954096776163,250.17061814844865,234.8652050368744,236.7638736103697,227.5085970044357,222.81122543649676,222.78085265245443,212.958249475834
labeled-data,orange01-train-2022-05-10-18.15.05,img4620.png,317.4896064163159,186.37765277405146,322.17626651680865,200.19601114218239,322.6970065279745,212.17303139899715,320.0933064721452,226.7537517116412,312.80294631582314,242.375952046617,296.6600059696815,254.35297230343173,280.3670810456547,261.60583631528243,259.6425672477764,259.8209681333435,242.54054095290343,249.66631220293903,233.72545690755516,235.84795383480807,226.63922254010907,220.98811544434545,223.75640440646117,212.17303139899715
labeled-data,orange01-train-2022-05-10-18.15.05,img4621.png,317.19326918746174,186.6676196021026,321.90307328845074,200.76231590432522,321.90307328845074,212.9129161648619,320.4450012571863,227.97966048792745,312.6686170904428,241.58833277972857,297.56447804445827,254.7109810611082,280.1050083922044,261.8144033986771,261.89778746493784,260.5806639090849,242.68115958975133,249.21517385063794,233.89533267924585,235.60650155883678,226.94145343751114,221.5118052566142,223.72622318331406,212.42689215444048
labeled-data,orange01-train-2022-05-10-18.15.05,img4710.png,317.13384913593757,185.7951197133942,321.7337192345693,200.20804602244039,321.4270612279939,212.1677082788829,319.58711318854114,226.58063458792913,310.0807149847022,241.60687691012618,294.4411566493541,252.95322315341787,275.7350182482517,257.5530932520496,255.8022478208474,254.4865131862951,240.7760054986503,241.6068769101262,234.33618736056587,228.33668562558293,229.12300124878323,210.94107625258118,227.589711215906,202.04799406189315
labeled-data,orange01-train-2022-05-10-18.15.05,img4711.png,316.979734683133,186.5536064696579,321.92676478920873,201.06489478081318,321.26716077506524,212.27816302125137,318.6287447184916,227.44905534655004,310.3836945416988,241.63054165063363,295.54260422347187,252.84380989107177,274.76507777795405,257.4610379900758,254.31735333950797,254.16301791935865,241.12527305663946,242.61994767184873,234.1994309081336,226.60429932843655,229.91200481620132,209.30994495760595,228.9225987949862,199.74568675252635
labeled-data,orange01-train-2022-05-10-18.15.05,img4730.png,316.53535179235445,186.2180184624621,321.4274148972515,199.6068227495488,321.4274148972515,211.96571901455184,318.08021382547986,228.44424736788926,308.5535646212067,241.575574649455,293.8773753065156,251.8746548702909,274.05164588140656,255.47933294758352,254.99834747286013,251.61717786477004,242.12449719681527,239.0008045942461,235.68757205879285,222.26479923538778,232.855324998063,205.2713168710085,232.5978479925421,196.0021446722562
labeled-data,orange01-train-2022-05-10-18.15.05,img4731.png,316.4737598210338,186.66171788197607,321.58341280153473,200.38549530530716,321.3166419248763,213.56661845887885,318.35710286141705,228.9024117877134,308.94342516498193,241.82056094647788,294.68154973011286,251.23271989017246,275.8488787026512,255.5367446061067,255.40039488783486,251.50176889594155,241.41060596421562,238.85722500116748,235.22323820789825,223.79048067810197,231.99389076229966,205.76191916246646,231.45731150350207,196.07691433115167
labeled-data,orange01-train-2022-05-10-18.15.05,img4750.png,317.1938991382252,186.36020941551104,322.15828724467315,201.3578882183271,321.88055923871804,213.36925799464694,318.16594715906825,228.01941030877978,309.6261774571874,241.52430107958705,293.4836035922851,251.07303369049092,273.52153668302117,254.19417542633244,255.01790828626088,249.4388162868295,240.68056646006687,235.89957599651717,235.43793083393763,218.40585293636397,233.96369135592974,202.32500057528597,234.6045333673199,192.67852155099015
labeled-data,orange01-train-2022-05-10-18.15.05,img4751.png,317.31910456465994,186.10166199996715,322.33556667222433,200.23396730299612,321.80325466081035,213.07599457835866,318.7945345962965,227.8245088946006,307.4915977245288,242.48914057963702,292.82696603949233,250.84121738813158,273.94146163454377,254.38224946405944,253.5169386789678,249.02586703450285,241.18691493221127,236.08691707176558,234.99010879933758,218.08667068579908,233.80976477402828,202.4471123504511,234.39993678668293,192.70927414164953
labeled-data,orange01-train-2022-05-10-18.15.05,img4800.png,316.84217976268354,186.66128393196678,322.1429750363054,199.9331135364665,321.4648102219609,212.98676533648478,317.90680378551156,226.6946187903732,306.50756438112506,242.6188939316294,291.8982977077115,250.58544882276544,273.4959761933991,253.22714151925197,251.87803800659435,247.40998191365287,241.33934665892832,234.1753462677467,236.43762975303716,216.52916540653848,234.9671146812698,199.3731562359194,235.70237221715348,190.0598941147262
labeled-data,orange01-train-2022-05-10-18.15.05,img4801.png,316.6426329136549,186.0708226193059,321.50287301786955,200.44903292760767,320.49032299615817,212.39712318380214,317.85769293970856,226.77533349210393,306.7688237019377,242.7707308350819,291.53139237521236,251.68406402620417,273.9130219974341,253.70916406962692,253.22807155390126,247.65122193973073,241.7978283088107,234.60957766008795,236.32427219144515,216.6064382740594,235.23361116805884,200.04401291892304,235.6386311767434,190.9310627235205
labeled-data,orange01-train-2022-05-10-18.15.05,img4900.png,316.69045058843017,186.5683896999749,321.79370269785557,201.331369016527,320.88240767831536,212.63142725882616,317.1735815987896,228.5516066001913,307.2332333856458,242.39750489707907,291.47216904769243,251.25127197877308,273.27073376947607,252.92089522273142,253.52350794741128,246.8855547114924,241.0985859644059,233.17649659862508,236.34455438507032,215.08743825265896,235.32859549102434,198.92067398708605,236.52450206329246,189.67984566491134
labeled-data,orange01-train-2022-05-10-18.15.05,img4901.png,317.14208406061414,186.24593591306075,322.83550818269424,200.47949621826092,321.4121521521742,212.57802247768103,317.7843300743854,227.94563880719792,307.54021685472816,240.99596208702678,291.73865051590633,251.07806730321025,273.01804711449364,252.3369916360963,253.61865203734774,246.8550535350159,240.5104687562783,233.3342345839202,236.0078973209112,216.665831565333,236.0078973209112,199.77939020324902,236.89604833995523,189.27779997807087
labeled-data,orange01-train-2022-05-10-18.15.05,img5000.png,317.2767727412523,186.69469808268326,322.00393484261343,200.37858837609727,321.25754082660904,211.57449861616323,316.77917673058266,228.24396497359479,307.5736505331952,240.68386524033482,292.64577021310714,249.88939143772237,272.99072779165795,252.87496750174006,253.5844833755436,246.65501736837004,240.3981890927992,232.72232906962128,236.1686230021076,215.30646869618536,236.28145000452687,198.63410933869176,237.0278440205313,188.25402511611895
labeled-data,orange01-train-2022-05-10-18.15.05,img5100.png,317.3014692157407,186.5403973768153,322.0575470485023,200.44277873411846,321.3258427665389,211.78419510454995,316.935617074759,228.24754144872472,307.4234614092358,240.68651424210128,292.4235236289877,249.8328177666428,271.93580373401466,252.02793061253277,252.9114924029682,245.44259207486286,240.83837175057337,231.54021071755972,236.08229391781177,213.6134558094583,236.4481460587934,196.78425732430182,237.91155462272008,187.27210165877864
labeled-data,orange01-train-2022-05-10-18.15.05,img5101.png,316.9356170747591,186.17454523583362,322.423399189484,200.44277873411843,321.3258427665388,211.78419510454995,316.5697649337774,228.24754144872472,307.05760926825417,240.68651424210125,292.057671488006,249.46696562566112,271.569951593033,251.6620784715511,252.54564026198653,245.44259207486283,240.8383717505733,231.90606285854136,236.08229391781174,213.61345580945826,236.4481460587934,196.41840518332015,237.91155462272008,186.90624951779697
labeled-data,orange01-train-2022-05-10-18.15.05,img5150.png,317.3014692157407,186.17454523583365,322.42339918948403,200.44277873411846,321.3258427665389,211.78419510454998,316.5697649337773,228.2475414487248,307.0576092682543,240.68651424210128,292.05767148800606,249.46696562566112,271.56995159303295,251.66207847155107,252.17978812100486,245.44259207486274,240.47251960959167,231.5402107175597,236.08229391781174,213.61345580945826,236.81399819977506,196.78425732430188,237.91155462272008,187.27210165877864
labeled-data,orange01-train-2022-05-10-18.15.05,img5151.png,317.3014692157407,186.5403973768153,322.4233991894839,200.4427787341185,321.3258427665389,211.78419510454992,316.5697649337774,228.2475414487248,307.0576092682541,240.68651424210125,292.0576714880061,249.46696562566112,271.56995159303295,251.66207847155107,252.15476933187392,245.4175732857319,240.4475008204607,231.46515435016664,236.47316484792444,213.22258487934556,237.17985034075673,196.46844276158217,238.6432589046834,186.90624951779697
labeled-data,orange01-train-2022-05-10-18.15.05,img5180.png,,,,,,,,,,,,,,,,,,,,,,,,
labeled-data,orange01-train-2022-05-10-18.15.05,img5181.png,,,,,,,,,,,,,,,,,,,,,,,,
labeled-data,orange01-train-2022-05-10-18.15.05,img5190.png,,,,,,,,,,,,,,,,,,,,,,,,
labeled-data,orange01-train-2022-05-10-18.15.05,img5191.png,,,,,,,,,,,,,,,,,,,,,,,,
labeled-data,orange01-train-2022-05-10-18.15.05,img5200.png,,,,,,,,,,,,,,,,,,,,,,,,
labeled-data,orange01-train-2022-05-10-18.15.05,img5201.png,,,,,,,,,,,,,,,,,,,,,,,,
labeled-data,orange01-train-2022-05-10-18.15.05,img5211.png,,,,,,,,,,,,,,,,,,,,,,,,
