scorer,,,Steven,Steven,Steven,Steven,Steven,Steven,Steven,Steven,Steven,Steven,Steven,Steven,Steven,Steven,Steven,Steven,Steven,Steven,Steven,Steven,Steven,Steven,Steven,Steven
individuals,,,individual1,individual1,individual1,individual1,individual1,individual1,individual1,individual1,individual1,individual1,individual1,individual1,individual1,individual1,individual1,individual1,individual1,individual1,individual1,individual1,individual1,individual1,individual1,individual1
bodyparts,,,point1,point1,point2,point2,point3,point3,point4,point4,point5,point5,point6,point6,point7,point7,point8,point8,point9,point9,point10,point10,point11,point11,point12,point12
coords,,,x,y,x,y,x,y,x,y,x,y,x,y,x,y,x,y,x,y,x,y,x,y,x,y
labeled-data,green01-train-2022-05-05-19.12.20,img0020.png,330.30101563470805,186.56286314156225,330.00988818887964,202.2683521357801,331.1743979721931,218.06795159660464,331.27070745030187,233.67493210121162,330.88327052636475,246.95509205069374,330.5921430805364,259.8478150762386,330.25286089565367,272.93315705800103,329.57429652588814,287.4741362689054,328.8957321561226,307.09992843938295,327.8722364395148,324.2526848279065,327.0993735788228,344.1521567951875,325.9938473584183,358.08178717228424
labeled-data,green01-train-2022-05-05-19.12.20,img0100.png,330.5674083791919,187.0158620407715,330.8210218855006,202.63989235509976,331.0886687207573,218.05967921074856,331.1520720973345,234.18391987322053,330.5040050026147,246.8916482613093,330.24337483183194,259.27534310203816,329.5319043605349,273.3919791037732,329.8735953719035,287.64924537262686,328.99298655496057,306.4431911195033,328.1508362131327,323.8592269833614,326.9181054002702,344.27334046703754,325.79592720944817,358.9150489697187
labeled-data,green01-train-2022-05-05-19.12.20,img0120.png,331.3743977272144,186.8075275306159,330.4566728100556,202.25519301984056,331.16372346768446,217.9813559588406,331.16372346768446,233.45933069879112,330.4941867495751,246.61268389511878,330.317424085168,258.603726319635,330.0353242909958,272.8104508136123,329.75653390940863,287.0969159321086,328.7015826544682,305.7733018497603,328.30511807887484,324.57516484720986,327.13197848320885,344.48787446483135,325.95643006105684,358.9075771373326
labeled-data,green01-train-2022-05-05-19.12.20,img0140.png,330.498217686432,186.22026437801833,330.5597149833189,202.08676465232497,331.41453927069597,217.83640820189672,331.0271023467588,233.5675986088524,330.7626600165955,246.37764764593274,330.37522309265825,258.7818066164599,330.3752230926583,272.4528178099562,329.72334383855764,286.93560913655875,328.42362999490496,305.69058028241227,327.96476753632555,324.51984095730637,326.9417054894019,344.62035187817355,325.4597809838986,358.3003907233261
labeled-data,green01-train-2022-05-05-19.12.20,img0630.png,330.56412706300483,185.75752526537354,330.89398375692775,201.86350080954924,331.17407256391766,217.16971856238422,331.17407256391766,233.4655063969879,330.7866356399805,246.4719865496665,330.3991987160435,258.53085216442815,330.4816628895241,272.13946547493833,329.62151820237955,286.64311877064296,328.92910852798593,305.3997386023196,327.73239354911533,324.7575861308661,326.9186024288267,344.2044166254343,325.5857499784747,357.7887536467656
labeled-data,green01-train-2022-05-05-19.12.20,img0660.png,330.35039312388375,185.4557785182385,331.26009588297757,201.7637985095916,331.1423167814793,217.1535908369904,331.0160127751205,233.04007428496385,331.1423167814793,246.38342779603926,330.62005094632275,258.89874704289434,330.6200509463227,272.0302327765289,329.69128739032544,286.41732227931027,328.9248503459577,305.4052020311728,328.0842692025122,324.67286103484787,326.89778704901363,344.76373664977154,325.6040616860599,358.29610677266754
labeled-data,green01-train-2022-05-05-19.12.20,img0760.png,331.17387913338365,186.43899404234443,331.1000447722555,202.20518465484184,331.0079452928311,217.27946833974127,330.7773096502984,233.36839407419572,330.5466740077657,246.43165877828125,329.624131437635,259.0245196381533,329.44700135809035,272.52484383280984,328.9080835525161,286.49299364301726,328.82943153841615,305.7891389345558,327.9030768089047,325.1639362401942,326.12901936398197,345.4592651287811,324.66374682889636,358.28257360686604
labeled-data,green01-train-2022-05-05-19.12.20,img0931.png,330.642452184438,184.80534788470263,330.9870547690883,201.93438547580212,331.2304253151658,216.5674641661309,331.1155577869491,233.45313121115274,330.5704189955083,246.42159467751617,329.9104126758507,258.7300518242221,329.5229757519136,272.6602898556063,328.9611849900551,286.09232852602906,328.32209267155713,305.5954646146504,327.8394566705945,324.6729134885938,326.11776396341054,345.1456126958754,324.5800604000915,357.7671696585947
labeled-data,green01-train-2022-05-05-19.12.20,img0960.png,330.3125993392289,186.3361586056186,330.8587436242609,202.08580215519035,330.9101028684085,216.33705725316108,330.6813733055662,233.7951558595762,330.22391417988155,246.86543722813565,330.3826215409764,258.8107337400834,329.20538810782375,272.2534656637869,328.9156639948902,286.44311855737885,328.33621576902294,305.37972734922005,327.2750321282922,324.50493312291434,325.7321130726977,344.8765051991153,323.99376839509614,357.62436616819343
labeled-data,green01-train-2022-05-05-19.12.20,img1060.png,330.5804969336283,186.04116425545007,330.41517074736316,201.9602390824793,331.13326004383055,215.72253228612865,331.24431541266665,233.35919472914946,330.4694415647923,247.39786948789992,330.19306000969124,258.453131691945,329.91667845459,272.6621601049162,328.9333810056119,285.8131520536412,327.72251765544246,305.07498791075335,326.8505386508521,324.40123263803395,325.4296086954402,344.64800894826266,323.7827558429756,358.67797077783274
labeled-data,green01-train-2022-05-05-19.12.20,img1100.png,330.2535723216208,186.30262593522053,330.6468323921209,202.6497730139718,331.0284461694951,215.89742470122593,331.2857669276927,233.14956179359115,330.51089307981835,247.16917575543803,330.1263677291628,258.48837754285097,329.48161004702797,272.64975396356334,328.9269408571354,286.3957930360988,327.95113525438023,304.96366339954733,325.93971843426266,324.2233002451573,324.51216965368053,343.5888600841558,323.42951638956026,357.93944114100873
labeled-data,green01-train-2022-05-05-19.12.20,img1130.png,330.24424876936996,186.73543472186418,330.9963545684519,202.43782411848073,330.8732550671863,215.8383600202667,330.8732550671864,233.40500026154,330.17131499434095,247.2886749110844,330.098381219312,258.9252914206869,329.15487177258746,272.4990925499753,328.9133023987082,285.9725622267902,327.9697929519838,304.1408110884355,326.5136152761406,323.3673844712761,324.7471821499794,343.4850501093565,323.0674231959831,358.644919356002
labeled-data,green01-train-2022-05-05-19.12.20,img1200.png,330.4486548492837,187.5124671684333,330.8076054853575,202.35280579821492,330.4486548492837,215.6718830201113,330.71169384655235,233.22428011745293,330.185615852015,246.6819984099495,329.7981789280779,258.67163750157096,329.0233050802036,272.9431687050202,328.44526018723116,285.51636111370124,327.84389208147934,303.69644200157876,326.41674114020094,323.2032615526472,325.0839935973408,343.2679547987014,322.94817885055477,358.5779015940892
labeled-data,green01-train-2022-05-05-19.12.20,img1230.png,331.20039651403573,187.20891208302382,330.5552409925975,202.4680854978874,330.5026664398748,215.2220625453402,330.890103363812,233.16700715140257,330.14151679229894,246.46270867021917,329.8575109184364,258.3909553724456,329.08263707056216,273.23812264238137,328.51462532283705,285.9132378607503,327.7211767283803,303.64377229108965,326.2316279041157,323.63613941640233,324.60624467504056,343.125301503462,323.2324639650919,358.1658834082226
labeled-data,green01-train-2022-05-05-19.12.20,img1400.png,330.8527928434676,187.30097573206785,330.5297647896989,202.17120398260758,331.28878234576274,214.57115295445038,330.7883839732993,232.94416981223478,330.17502415230945,246.26465036702595,330.2879856008357,258.1800572582156,329.4645591746036,273.2435121192604,328.8026467752556,286.1765557501144,327.19238161724434,303.4589825937547,325.5999044897008,324.58377087012076,323.7443883648885,343.71819231979094,321.9031153840079,358.7788405150462
labeled-data,green01-train-2022-05-05-19.12.20,img1430.png,331.09470435865126,187.19751372647545,330.73696903115246,201.68231604026036,331.03511314145464,214.2000441136014,330.58808500032114,232.0525963084276,329.5449566629027,246.26933215698816,329.7237303144922,258.01218638245484,328.7401931942702,273.62940984729306,327.6970648568518,285.8491818346516,327.0104783290213,302.8840040516524,324.15531715310317,324.0544834956276,322.64149203965957,344.1255026350404,320.3527930783416,358.3396416327952
labeled-data,green01-train-2022-05-05-19.12.20,img1460.png,330.1603864864363,187.48560577695145,330.67944781649965,201.8373803517153,331.2568850551846,214.92211467919026,330.7183650889141,232.03230128837012,330.09457428337316,246.14772198153022,329.77294956249915,257.70216724946374,329.4731923043182,273.00920247157,327.84267307040847,285.74305848356886,328.09628657671726,302.5998196107597,325.76464836862044,324.1762438662474,323.36259011947254,344.076113672832,321.41838883531295,358.2631697156183
labeled-data,green01-train-2022-05-05-19.12.20,img1500.png,330.74326092710146,187.144257859927,330.51172469846955,201.73720396926646,330.9547308652386,214.58899873521472,330.31569142217495,231.622334502493,329.6766519791112,245.88341293072722,329.1935132313529,258.32770448224375,329.3293476361635,273.21238569169896,327.8860273843172,286.40675772296305,327.76313769803545,303.11153522172117,325.4919912932343,324.1663012963398,323.2743200272551,343.8636239089515,321.26772086010936,358.58057010565574
labeled-data,green01-train-2022-05-05-19.12.20,img2230.png,330.3169780990749,187.7381851253648,330.6229563431224,201.48914675836394,331.4176866665075,214.45530630573342,330.64281281863316,231.69320025416687,329.70502161097977,245.47394660043227,329.3891151291768,258.60302350758093,328.94076946528895,273.2365000372133,327.74997240561413,286.3023615921046,325.9086994247335,304.1174829642391,322.37903767750413,325.78701219274234,320.24796635624546,344.0494833021264,316.4252710834974,358.95282746918156
labeled-data,green01-train-2022-05-05-19.12.20,img2260.png,330.6997942275999,187.8995372085845,330.58834101946024,201.48988540079847,331.51358534788847,214.87678581294026,331.12614842395135,231.86207174865604,330.14782679600495,245.58333178521684,329.2614997399909,258.8057016897007,328.8546041798466,273.7618084337984,327.6728347718281,287.29907932649417,325.97645766205153,304.2475587171714,321.7764635181056,327.1329569731356,318.84732178082925,343.60730864434504,315.5307431196157,357.9248786921745
labeled-data,green01-train-2022-05-05-19.12.20,img2300.png,330.4492347923067,188.44989865837692,330.15760459968277,201.47745059514128,331.6199655614868,215.0840529184692,331.3283353688629,231.40692370804152,330.453444790991,245.60099641530164,329.482747481806,258.92438854337433,328.9952938278714,273.89333509850877,327.1497059408144,287.50835741920537,325.56602106408525,304.5502180913442,321.54318742385004,327.4506769605116,319.30364869517774,343.6425092075811,315.2436989547267,358.79965490526484
labeled-data,green01-train-2022-05-05-19.12.20,img2330.png,330.7981731769008,187.39296313792426,330.5285153544618,201.6204446935115,331.9775337584335,215.46901423002228,331.58157192963563,231.75145950679357,330.6155873659303,245.40534022595259,329.22846409814946,259.0554434168069,328.99020413685525,273.9234726558446,327.17448787246303,287.7333582319307,325.03917587247264,303.8888918480557,321.53860806739414,325.8386147910407,318.22785255274357,343.3212608277824,315.2943959092909,357.9700909024296
labeled-data,green01-train-2022-05-05-19.12.20,img2335.png,331.20321751197747,187.0508075013538,330.5242553029084,201.75250506053527,332.26961664498384,215.67932877184242,331.61914072377806,231.557580246767,330.83002373197206,245.4169786071324,329.34418215959624,259.1699512273139,328.67946309445875,274.0960634431613,327.4904162741824,287.7979195884743,325.26461794264617,303.86426529845625,321.67255831243074,325.27967827385504,318.60768707783564,343.50159029864193,313.9468194881281,358.7574543009205
labeled-data,green01-train-2022-05-05-19.12.20,img2430.png,331.0571665565812,187.61552416864595,330.49156363534206,202.2094757715765,330.4894477406678,216.743333410515,331.50258154983624,231.33728501344555,330.698718667303,244.88699787787462,329.9839387834208,259.86838640474235,328.40520205301317,274.6093990756417,327.7419926029904,288.57206654241696,325.40182949003304,304.33153342225216,320.468392504605,326.87725165403015,317.8251627208815,342.9053708627131,312.72298522911126,359.03673309715094
labeled-data,green01-train-2022-05-05-19.12.20,img2455.png,331.25855958274707,187.85152778982925,330.31796170930403,202.0642634546893,331.13837165476286,216.9690109546393,331.1383716547629,231.06155869151516,330.2806357941043,245.52288039472836,329.911861827767,260.12305298352555,328.6666890431712,274.8060875851071,327.77805806816326,288.04299356533437,325.7746939764948,304.4980938316713,320.44278142829114,326.5339882000259,317.94070644914564,342.6234997981037,313.2488388375968,358.25737523335954
labeled-data,green01-train-2022-05-05-19.12.20,img2475.png,331.2507394325747,186.7774447182396,330.51740149858455,201.7349547952319,331.38215402371713,216.84124399556367,331.3821540237172,231.41131714861888,330.64881608972695,245.70119658719221,329.52804123179965,259.8181255207391,327.3521988115162,274.53697779713366,325.76443442945254,290.14827320791704,323.8837413928075,304.25692229709574,319.76038827577935,326.58254077838393,315.33871526080173,343.11684774944047,311.2618362372856,358.64486298395934
labeled-data,green01-train-2022-05-05-19.12.20,img2500.png,330.9754915000921,186.8519033570208,331.02555231883696,201.2589542428049,331.88749817817995,217.12868081286882,331.11262433030566,231.54878132467366,330.4879329386656,245.5683952865206,329.0383068804065,259.9884957983254,327.73886327838153,274.05817057891704,326.3392980388672,289.7777146927469,324.41516304520223,304.4590312389579,320.5359163306756,325.8506420076689,316.79338131241417,342.8426298853828,312.49085670449284,357.90227258704687
labeled-data,green01-train-2022-05-05-19.12.20,img2760.png,330.90736676412195,186.9186708911425,330.80314003544015,201.0127268684051,331.0031734954352,216.45649708142122,330.51992984018483,231.42965363524004,329.7408459936262,245.9195665338085,328.96176214706753,259.9178157797579,327.2119809913239,273.04959444520426,325.75383002820416,288.21857446033374,322.5431550241119,305.225415719916,319.0302501547921,324.05819562237906,314.03822744575865,340.86550358511255,308.861315006761,356.7660203620339
labeled-data,green01-train-2022-05-05-19.12.20,img2800.png,330.8016851287303,187.1739164599089,330.5372427985668,200.78753544771072,331.0661274588937,215.79100125225537,331.0189782134305,231.3889541052062,330.026811280856,245.53145775333493,329.5450758659923,259.94864669185824,328.1713632801154,273.3765968944543,326.2633775100724,288.3454385420967,322.75378205333766,305.5286420431334,318.8194196698365,323.9992857190084,313.7345018027713,340.39628380152055,307.85464379733725,356.7049114471612
labeled-data,green01-train-2022-05-05-19.12.20,img2830.png,331.0642981537426,186.84818177297984,330.13553459774516,200.609469483038,330.7139773300213,216.15947741191832,330.9846406460514,231.58728642563216,330.0558770900541,245.58212135150453,329.36066074987093,260.0865921164804,327.85345446159766,273.54010041029267,326.380434207368,288.1751373416218,322.62063956440153,305.41893755344614,318.08657872784823,324.58647491963177,314.2077571422016,341.12696984730985,307.44578207943783,357.42426592230026
labeled-data,green01-train-2022-05-05-19.12.20,img2860.png,330.83212857530185,186.88529070711965,330.0029839099985,201.36818694121413,330.88639939273094,216.0189230955517,330.6100178376298,231.99226874001005,329.5044916172253,245.86310357851755,329.17383924469516,260.6248951016911,327.51554991408835,274.1082930162614,325.2455691501269,289.0891357998771,322.87631209501865,305.28519983629496,318.23502421413303,325.1581345918594,312.89699558755467,340.80323669027354,307.2473753853496,356.78862646716146
labeled-data,green01-train-2022-05-05-19.12.20,img2900.png,330.9695797573781,187.2034750272615,330.3625458297468,201.0200390483399,331.2459613124792,215.72755975408438,330.9695797573781,232.03407150505075,329.58767198187246,245.40892778476297,329.3680749781783,260.5013716804667,327.1793927468579,273.87371422620106,324.8634196912508,289.4185636989786,322.27737229823794,304.4587259737716,316.3817629084855,325.75386790435834,311.9658790127341,340.6026265315087,306.5463917062661,356.56233668632285
labeled-data,green01-train-2022-05-05-19.12.20,img3030.png,330.9060548864978,187.49524108289515,331.0529279301469,202.11527014720312,331.4321328810351,216.53145359213534,331.1181324789226,230.51524987916926,329.57179910325107,247.19746914411894,328.7868521555648,261.2995974419792,326.3370370066662,275.9338696502189,323.99637114691325,291.20156796994314,319.34163769099,307.5341374920375,314.33408859604714,325.2089539044305,309.32304851615123,340.90259589588686,303.05395241458154,356.98419024339165
labeled-data,green01-train-2022-05-05-19.12.20,img3060.png,330.94038052260163,186.34287288099125,331.0844469004612,201.37702398490129,331.3278174465388,216.85700971203414,330.6678111268812,230.41344630912542,329.30496414827905,247.04017944807103,328.9895604132717,261.90299319483324,326.1918332671378,275.96173424407834,324.1066778846736,291.0995236293977,319.57783254039583,307.87392549059973,314.99724910035485,324.14225831915036,308.45026320329737,342.4908939802638,303.49636208807095,354.9833402708347
labeled-data,green01-train-2022-05-05-19.12.20,img3100.png,331.20636822515127,186.87021605420037,331.3966832623748,201.18426687446075,331.91553477745435,217.10696583655098,330.6459807961876,230.81909331396363,329.2406973176021,247.2004449196493,328.7175308963463,262.20671738998357,325.7554968583389,276.5669930801664,322.66674717386854,291.31181791044656,318.05784648259595,307.9127665198265,313.70727204311214,322.7729616251189,306.85099848942195,342.5669084383152,300.8811568992376,355.50156521704787
labeled-data,green01-train-2022-05-05-19.12.20,img3130.png,330.70130571223984,187.61372299644748,331.2647765333112,201.70401064298858,332.0580700681344,217.65153480640353,331.25179835911524,231.58797657348083,329.35751953054125,246.4715577548451,328.69211552679,262.77679416308365,325.0574037491058,277.647397170252,321.9647616521454,293.273028048212,317.6204416541955,308.38306832909177,313.0206207347357,324.10957686258536,307.0015854562387,341.5504723826376,300.9631249972017,354.8015383899688
labeled-data,green01-train-2022-05-05-19.12.20,img3160.png,331.22674612312085,187.55896355543896,330.75884563989325,201.49068220404428,331.54279096808284,217.16064749994078,331.4492108714373,231.30866411264722,329.3719483925896,246.36951070521422,328.01481965305857,263.4028695551676,325.04421144915335,277.4589581729037,322.0232573317626,292.97898777902736,317.4117559910565,308.11596971113664,312.2779866777141,324.38824125632425,306.8529194953342,340.5952724797558,300.681397841609,353.86675878822615
labeled-data,green01-train-2022-05-05-19.12.20,img3200.png,331.1062180330209,187.8451210708563,330.9413842205593,200.63165020919618,331.1062180330209,216.8583729664939,331.597440017677,231.3671852161317,329.4666251156812,246.44936306892913,327.74543515529274,263.98710426955284,324.8488166833913,277.4226070047133,322.34041581088735,293.6506051047387,317.5027855567725,309.13596089279963,312.19832270767995,324.39668345868773,306.29918825785705,341.53051795677493,299.8854122916388,354.8727114056066
labeled-data,green01-train-2022-05-05-19.12.20,img3230.png,330.72136322761367,187.18683738899614,331.06409318824063,200.62561016507314,331.13098816922115,216.5679626648718,331.5406131108287,231.46561517134154,329.2918034598492,246.02879277290833,327.89083488744,264.6579888688311,324.88894156695295,277.88763945442406,321.86523490928175,293.9204381618559,316.85260970729087,310.0746457294122,311.77199637341005,324.39039735486966,304.64325833149127,341.55409839104004,297.54365806038265,354.0953739862871
labeled-data,green01-train-2022-05-05-19.12.20,img3260.png,331.55718949406366,186.7259176144259,330.5944370586174,200.50796692658457,330.73793961084857,215.85979910601043,330.7379396108487,231.54647057397574,329.3177280497177,246.6635044366543,327.3069961682139,264.6165888179567,324.82209439917244,277.44074001022403,321.0192832251008,293.4620685749105,316.397222167814,310.168128293578,311.0441302994136,324.4822322743509,303.63955727784855,340.936142898437,298.08142890078034,354.31682232471223
labeled-data,green01-train-2022-05-05-19.12.20,img3300.png,331.63265483995644,187.39874691281878,330.4224764284007,199.99004299396194,330.67063117178304,215.29404098931064,330.67063117178304,231.03825923162304,329.3363753885363,246.7450846474014,327.521932385377,262.3928166379575,324.380713055676,277.27966340324775,321.0261949924737,292.7894338436467,316.65469765026955,309.90866994571985,310.70733396486264,325.1455985034983,303.60736931011746,340.47982742056666,296.91702959697994,353.34586533044666
labeled-data,green01-train-2022-05-05-19.12.20,img3330.png,331.358137753208,188.12764861871113,330.3418328946135,199.94126418619044,330.94678892372843,215.0508420531232,330.95023669947255,231.57428250515335,328.9090075429232,246.4627689968078,327.4444940857971,262.09969574401504,324.54344079708045,277.19203473222683,320.6931598225682,293.20028709240694,314.8376830138051,309.0845601112063,308.6301783734783,324.8096670597105,300.38711247997634,341.042654631534,293.4051425742148,352.17606610288345
labeled-data,green01-train-2022-05-05-19.12.20,img3360.png,330.9695645087405,188.1928281279704,330.2544202412218,199.6309459964502,330.9695645087405,214.27752869044556,330.75036534435003,231.15586434851772,329.21597119361616,246.9204187304614,327.2512757406259,262.57154799985716,324.7480465317382,277.0199964363662,320.2959909505293,293.75655343007935,315.440813326785,309.7121559100518,308.7847830480738,325.9824521469015,300.120473543004,341.6725713906111,293.7688694392943,353.3859776632824
labeled-data,green01-train-2022-05-05-19.12.20,img3400.png,330.7962931263212,187.62586249557964,330.5481383829388,200.18112525442433,330.81363003535256,214.59380672196107,330.3866681847136,231.68961765655172,329.0711088147338,246.91611099036123,327.2370228685335,262.7567342864209,325.0980370723214,277.2179787053078,320.13152216653555,293.46276713890995,315.0988588181764,309.1568005314706,309.052045273105,325.20254374849526,300.58215589645107,340.53849655343566,293.7507662862274,352.0664665206881
labeled-data,green01-train-2022-05-05-19.12.20,img3430.png,330.54776432190306,188.2834431564498,329.96205128151007,200.90241947385695,330.806991159791,214.20612694524502,330.02931064612716,232.35200559740167,328.47394961879945,248.68329638434264,326.14090807780786,263.54236488305844,322.5533017169278,278.53595211100844,318.0651378456883,293.2379977648329,311.84105888941406,309.7933930264547,303.6563774780761,326.72452709194954,295.7842683569199,340.6694061065691,288.36199404268694,351.0156066658029
labeled-data,green01-train-2022-05-05-19.12.20,img3450.png,330.9067668072622,187.327925407676,329.94192610030734,200.6675820398547,331.1297781310335,213.60686390674888,330.683755483491,231.70717883815533,328.6766535695497,249.1020620923131,326.64682340017276,263.40712679836315,323.11485773394946,278.5561016018308,318.97140487075944,293.69327554351975,313.14814922491405,310.3437925978409,304.8526149839843,327.37206048435615,297.4875230604619,340.9814694734737,291.24320599486686,351.06844319481957
labeled-data,green01-train-2022-05-05-19.12.20,img3455.png,330.6694160459805,187.72374191617467,330.2401837320146,201.47665345752333,331.16880892485284,213.94186805697453,330.8293445481519,231.08115444080678,329.08146947209855,249.16867338983548,326.42457657556525,262.8823701864676,322.8449589170831,277.86606263232926,319.1128455141821,292.4061974611045,313.0877276129775,309.8405618133049,304.97908241839934,326.28921661226684,297.7073883997042,339.5860285321665,289.60464363601534,351.63626433457557
labeled-data,green01-train-2022-05-05-19.12.20,img3500.png,330.5699062966261,187.69282530359715,330.61129347435906,201.49166494933252,331.0788295739502,214.2975212379021,330.5699062966261,231.46022715347328,329.1437943046058,249.4095974057053,326.62091612622936,262.8090623615766,323.29671314625443,276.93692502647,319.08237095088487,294.32418396186625,312.9682924983722,311.17198422329903,304.5967904983437,328.14752994557915,296.6903719427611,340.937324667845,289.0164951094016,352.5644107789958
labeled-data,green01-train-2022-05-05-19.12.20,img3530.png,331.23827695220757,187.34127242249915,330.7423318490794,200.93162061471313,331.4574761165981,215.25489852862154,330.7998786234265,233.69640172460112,328.7983127567379,248.6594916775054,325.49144668579453,264.5272407160542,322.7923044186769,277.28402213808323,318.3320779432519,292.17050451973694,310.8566155895072,308.40422085883347,301.3699975597363,326.57758963711564,293.50760102885016,339.45279356181084,285.83563027518096,349.3167559593855
labeled-data,green01-train-2022-05-05-19.12.20,img3560.png,330.6565976600628,187.4743504494889,330.223370994898,201.01432764097282,330.86436034631123,215.73007577927567,330.6565976600628,232.55885336539865,328.79263391471625,248.33111622761157,325.4566300729627,265.1834955372918,322.25058322812083,277.93172930615725,317.8381909367729,293.379776429192,310.84269628136065,308.3714575774516,301.23605464198357,326.3839106512836,292.4510031251472,340.22857876480845,284.93756819877694,349.27252821321713
labeled-data,green01-train-2022-05-05-19.12.20,img3600.png,331.03328856494846,187.84224511901922,331.28416231680205,201.4823335750006,331.5536483204147,215.7202022864797,331.09600700291185,232.07282433365106,329.6456625503718,247.90508662535618,325.7127498395154,264.48029064198954,322.69414077330634,277.9111157904358,317.7816154973302,293.1326665213732,310.89559250497996,309.33632591698927,302.43265756044195,325.698000143096,294.5339182788732,338.4864351703978,286.25904855532497,349.2061527668125
labeled-data,green01-train-2022-05-05-19.12.20,img3630.png,331.8006749728289,187.3797836483951,331.43207282531796,200.9834743984415,330.7584137658426,214.7373810603893,330.68561835397264,232.61468466802447,328.0822778805875,248.3756932439135,324.29108537647625,264.4325085554437,320.87066921197135,279.72441408723546,315.8958012201511,293.16645244723827,309.1747820401497,307.9351222717267,299.9919246553599,323.3328914695207,290.6906201500758,336.3373444295234,280.512154603593,347.19437434577173
labeled-data,green01-train-2022-05-05-19.12.20,img3655.png,330.951397502004,187.31529874397512,331.19864128629507,201.02418826062743,331.3610224436116,215.38994650317835,330.3624188776851,232.79508892306083,328.8058669493314,248.67522588447486,325.15325034640836,263.3325767793375,321.5016033387169,278.5842075059438,316.76529084767225,292.70245277430746,310.0221496191248,306.9444945350567,300.2737293153887,322.8299448662733,289.570278925278,336.8539682687965,278.7723374794306,347.6519097146439
labeled-data,green01-train-2022-05-05-19.12.20,img3660.png,331.1340283663273,187.8161105379691,330.636359375327,201.10393863487175,330.5416019662642,215.34979604874874,330.9072048831754,232.90324830084222,328.0025216268962,249.0584509889978,324.5965394120545,264.6368402982494,321.3672991535919,278.0445197468048,315.86989878267525,292.24964486129767,308.27987139730493,308.69555647408697,298.71617607973826,324.02597364112427,289.3159730013246,336.97342316422225,279.20632063397414,347.6151624982754
labeled-data,green01-train-2022-05-05-19.12.20,img3700.png,330.9952814247629,187.12431148326462,330.8604443332008,201.319842750673,330.74467097895143,214.70635146870896,331.01945882899696,232.4866839267275,328.2215718105919,248.56459987985798,324.8179068241637,264.1667978408481,321.29671927682574,278.94041087225054,316.70976266732004,293.0561485274109,309.2559581768734,308.20963781533123,299.7127652119884,324.6860862072399,290.75902591023333,335.13211539262085,280.49953296030566,347.0704344616276
labeled-data,green01-train-2022-05-05-19.12.20,img3710.png,330.94363817400017,187.2842128127208,331.36188255496825,200.53754928337884,331.3532631156078,214.61875507661253,330.3335104812692,231.95454986036933,329.1098073200628,247.86269095605203,326.05054941704685,264.1787331054702,321.14380073999257,277.40438488287356,316.24898809516725,293.1085754516885,309.3094985180481,307.3902839960457,298.9149171992826,323.49548006710774,288.51394727859434,337.76000103641536,278.9241499936545,347.178551941267
labeled-data,green01-train-2022-05-05-19.12.20,img3720.png,331.2851760429887,187.30854280572044,330.76082193632345,198.9031414006274,331.0623469110357,214.6888309821806,330.35119699471596,231.98877463545722,328.0795030070425,248.1476897687865,324.19295218832724,263.81957228076396,320.15628718978735,276.19255278866217,313.9791856223197,291.3297959643807,305.75004228269165,306.20113883892293,294.3790405554578,322.33731950865496,283.38439192682256,335.6312760198391,272.987344885236,343.7745597919393
labeled-data,green01-train-2022-05-05-19.12.20,img3730.png,331.44604408123956,187.54536256260062,331.100497081831,198.14916410216074,330.8517116014861,213.37065409536962,330.4018767945629,231.58896377575968,328.56232770155435,247.67872901748063,324.923439380853,263.88912385514845,320.4390106197675,278.57451037247944,315.968707170436,292.1751177304181,308.4969748855294,305.8036188717871,297.4117014571697,321.0037550697502,286.29932094222397,335.3572985577301,275.1988859472202,345.04495091700613
labeled-data,green01-train-2022-05-05-19.12.20,img3750.png,330.64225345735315,186.71729371807464,330.4261376850703,200.1318340336318,330.90719853431216,214.27158172181169,330.37730838039414,232.02290187806534,327.727857610804,248.35364608955157,323.60900159177027,265.3101310149282,320.30939545595174,276.53367480717895,314.2937719609598,291.6503296055016,307.02745996280305,305.15547532128585,294.96855972093704,322.17335647317117,283.04901802489314,334.0318819299299,272.65760277230146,343.20608151329117
labeled-data,green01-train-2022-05-05-19.12.20,img3755.png,331.28436849582425,186.8007037653245,329.80525065611056,200.09842664431542,331.2046775324659,214.98363368324135,330.8747435542166,231.64921718326707,328.2847840114037,249.47450780795566,324.2251331131103,263.55246314625725,320.26048735717694,276.8471867946482,313.91705414768353,292.5075375305851,305.7895303480201,308.56435284211534,296.5578764784001,321.4785082680196,284.2118909998471,334.9175752229964,273.5481731395831,343.1212985372038
labeled-data,green01-train-2022-05-05-19.12.20,img3760.png,330.74939022338066,186.2602539299219,329.69378645856176,199.87456822932958,331.28518080818793,215.56813524878328,330.98574410498435,232.83794601065074,328.4489342289433,250.3121558445303,324.8538470853759,263.9744543727096,319.8586513376242,278.6573024797372,314.4093468855315,292.8860418824238,306.2504434340434,307.4294778163215,295.3564214864674,322.7193331813404,284.6535227309542,335.14234066541826,273.950623975441,344.8896234606178
labeled-data,green01-train-2022-05-05-19.12.20,img3780.png,330.86512896646326,187.90174895990498,330.6203480984481,201.64302834079734,331.2735112868843,214.81480919123626,330.5379260616519,232.33282602946326,328.043622787563,248.9225492020296,324.0836934301981,263.5182451334766,319.1527150749795,277.52222366229745,312.44658451188224,294.09031093583195,304.06272906333635,307.81865705772253,293.60446799366343,321.58870079945854,281.91733209916777,333.1538042153839,270.77059799154415,343.20244034344927
labeled-data,green01-train-2022-05-05-19.12.20,img3800.png,331.00126833223015,187.32357954598197,330.53182615294867,200.78123092714424,331.1899702215751,214.49665161164847,330.62386455354033,232.5199945881678,327.98203810271167,249.40650114045616,324.6742731947764,262.5067748546564,319.93441803162057,276.9283096171172,313.3107095053194,292.4635185788511,304.59394232401814,307.5423620903931,293.76260878343874,322.14111599291317,282.87971928114314,333.61753824772137,271.3935503844161,343.0973917562081
labeled-data,green01-train-2022-05-05-19.12.20,img3820.png,330.7168173694226,186.544660965707,329.5503445872466,201.5123299290488,331.21540983649714,215.3048789073075,329.853083723474,233.16648794472258,326.7377550551475,248.95726686448492,322.23795062122247,262.9426112025178,318.2240772235551,276.02045404274327,310.69950985190445,290.86776269522636,302.20562448685183,305.0023340885869,289.8942329469386,319.1361332058354,275.13106451735115,330.67008418233087,263.8288034315292,338.13764954260614
labeled-data,green01-train-2022-05-05-19.12.20,img3830.png,330.39728504858886,187.2705905305902,330.1014783129477,201.27928113408262,330.8433076961313,215.1470060019968,329.95126240104634,233.87995719878205,327.2751265157913,248.15268192014224,322.14586606905254,263.82725084754696,317.85224006734956,277.7645190879136,311.1629283451538,292.0987584926188,301.7978919340797,305.5538312138354,289.2390450832151,319.2103464977334,273.88141007660107,331.8472858232128,264.40169975028937,337.65743086192003
labeled-data,green01-train-2022-05-05-19.12.20,img3850.png,330.7202006802104,187.5560831466112,330.5940350370106,201.10731462441902,330.9565545618141,214.26407176783164,330.24749291700294,231.75425900650703,327.88395410096575,247.82632295556004,322.79435694408784,265.33248759903125,318.57169534149403,277.5952428707639,311.16921059143755,291.1692492745455,301.50021489773366,305.7788035256433,288.32330380650797,318.9598911598862,274.7325912306575,330.6958060052054,262.7929080502888,338.10664384129626
labeled-data,green01-train-2022-05-05-19.12.20,img3855.png,330.89768338449784,187.1607240972383,331.1748778683798,199.9405398759081,331.6906125356845,214.92640475478623,330.89768338449784,232.75415029047224,327.52773449195445,248.44082175843755,323.8412999664171,262.64108178696114,318.98061456419975,276.10907649535596,311.98757256393264,291.3176863446793,302.7711559482825,304.8586289513194,290.0690408917729,319.1485083898927,276.23280841950344,329.5823886148828,263.07704639668987,337.2943870420494
labeled-data,green01-train-2022-05-05-19.12.20,img3860.png,331.0524140073536,187.7416209436701,331.0270883959243,200.46216606012072,331.1803035384255,214.61734457764166,330.1052745930666,234.35153418731673,327.4177022296695,249.91412828359086,323.19672710025253,264.3995553346718,317.7839751188609,276.90737293413207,312.236958774607,290.9125940841394,301.9368020902918,306.52469043185965,290.42674215368055,320.05898403662445,275.90123637473766,331.34929960250435,264.1953231072792,337.8077345086883
labeled-data,green01-train-2022-05-05-19.12.20,img3875.png,330.3088397277086,186.8969217591966,330.5411023470819,199.99215616902342,331.9051006278165,213.8559947387979,330.5411023470819,233.0364484017273,328.1505229966132,248.18098101588856,323.2120527107278,263.5624975415792,318.11710169841535,276.7716297957227,311.1351317926538,292.0564828326601,300.756527878684,306.9639320909077,288.1882015086799,319.29108315073114,273.7668025714722,330.4416493392938,262.9135848146046,336.5372921890414
labeled-data,green01-train-2022-05-05-19.12.20,img3880.png,330.7842297091687,186.6408980440853,330.9453355237574,199.56003983196908,331.66483852611157,214.19137388844166,330.4390470933966,232.42983751664474,327.66736721879073,248.83488913061169,323.765622092639,262.3772209469303,317.3540457366544,277.8819883269227,310.85778895286427,291.32130743352985,301.9072508043572,304.34186189803006,289.29923607036255,318.37336216650795,272.4149351551221,329.9646015187287,261.8463007624711,336.26860888572605
labeled-data,green01-train-2022-05-05-19.12.20,img3885.png,331.0169523477545,186.30089154892028,330.90567095844096,198.29994342181845,331.38500791981073,215.07507055448295,330.6073274061469,233.93382301083147,327.5173900362671,249.44586391455735,323.01065502112283,263.60857323044314,317.2141276700692,276.5180844794785,312.33733370111497,289.29361773000153,301.8932630477954,303.6870580241054,288.24612549065046,317.9843709975295,271.40826687020495,329.5508602168164,260.81239710224685,335.30290380513645
labeled-data,green01-train-2022-05-05-19.12.20,img3890.png,330.59881485424984,187.92498580988206,330.52810771388863,200.83786278323998,331.31931297720314,215.81229118397604,330.118482772281,232.11553735101648,327.4766563214523,249.12466374045,323.25241934399446,263.0689120181069,318.38192677799003,276.2899862998431,310.87169300486767,290.90082890448025,300.02354062338685,306.0882422385535,285.9599316586424,320.34909033750665,272.1724593020112,330.47099715988804,260.99863300125537,336.0579103102659
labeled-data,green01-train-2022-05-05-19.12.20,img3895.png,330.56001183695344,187.36867739145575,330.599492934996,200.1484931701255,331.3529409881401,213.93180395620942,330.95647641254675,232.16917443350297,327.3882952322067,249.21715118401653,323.20778595134084,263.42327748099586,317.21125924549165,276.338873462825,310.7534612545771,291.56082586998076,301.29739991073785,305.1683287794079,288.11309823710803,318.2557263878595,273.0617646157835,329.6497266058716,262.37109774456223,335.6983933882731
labeled-data,green01-train-2022-05-05-19.12.20,img3900.png,330.78853173102976,186.99561947446,330.8167585427486,198.9712518156192,331.5795548025261,213.89040390533503,330.4721225024312,233.00493542382728,327.0850389065115,249.77174413072152,322.64274852247166,263.65978408597664,317.33620161223973,277.1853782232711,310.07327767011463,292.00093967048315,299.6660825607895,307.41159396698384,286.4551409503814,318.9995829479862,271.63009718845905,329.50065561268116,260.665741906204,335.06004702340203
labeled-data,green01-train-2022-05-05-19.12.20,img3905.png,330.93211766714387,186.67208150781948,330.8343610274812,199.60093588597326,331.8165386434675,214.31023701793202,330.711012423063,232.88307752072768,327.3944337618495,249.24486558271428,322.9063356361523,265.4945380373144,317.4168261279368,277.3884753051145,310.2804637672567,292.2101509772963,299.48442840109965,306.2998920483826,286.0965506648738,319.26775273532127,271.71708548085394,329.0878753000178,260.6694475955703,334.69937390841585
labeled-data,green01-train-2022-05-05-19.12.20,img3910.png,330.30212783220736,188.23342762537493,330.8162227731478,199.55718071243356,331.0169077160896,215.7753681918786,330.30212783220736,231.35848061960226,327.44300829667844,247.79841794889333,322.37265412852236,264.6104052014397,316.75514743938754,277.0751863776467,309.8930603515671,291.82043652732096,299.19627753819987,306.1500889754167,286.83007914768655,319.02883826600623,274.24347021120303,327.4199108903286,260.60797719667914,334.7620994366107
labeled-data,green01-train-2022-05-05-19.12.20,img3920.png,330.58368397899915,186.61865367243672,330.18557501080886,199.29508922743702,331.4322709517577,214.28258898436545,330.14472194784815,233.15055686914866,327.08401430473594,248.88726257467908,322.57539254991485,262.88271328081186,316.97723649934926,277.9979252253079,308.969795720178,293.0445183009512,299.8073468918407,305.67572719297976,287.9191278631116,317.5639462217089,271.8794672687946,328.8860595824032,260.3686520187553,334.73581815209536
labeled-data,green01-train-2022-05-05-19.12.20,img3930.png,330.53411026341985,187.14888911046359,329.842865618746,199.05791710831483,331.6349798497012,215.33626418618772,331.0845450565605,232.83497694113998,327.6411264461833,249.09201025827778,322.92976440535836,263.37212144192995,317.1914816868668,277.1865057642245,310.4073728614079,290.29602775419164,299.3390465626707,304.81527440881365,282.97431436549095,318.41712974153444,266.6999106293219,327.824229272806,256.32727274969307,331.7384322462508
labeled-data,green01-train-2022-05-05-19.12.20,img3940.png,331.1839223919255,187.46593845039902,330.64377307228267,199.21592462082367,331.593547333533,213.87031382539868,330.8673309715087,232.86348698067098,326.99417704071226,248.50514130334082,322.15273462721666,263.7371706844031,316.2869986527287,276.45544533752684,307.714180019756,290.3642271619712,297.2232995958736,302.49415392773864,281.48670567232256,315.7719050507347,264.9303152901017,323.55860496946156,252.39021700727204,327.4927534503493
labeled-data,green01-train-2022-05-05-19.12.20,img3960.png,331.27240133569614,187.31207969779365,331.4054625303844,199.2164583231369,331.0915059569309,214.56829050256272,330.36247672268786,233.50047047685763,326.30209527516655,249.55305536466452,321.30023034356395,262.76308563327757,314.85540002452683,277.6669154262812,306.60969928406155,291.01709757751075,294.90051641456756,303.9612847546952,279.97972459848756,314.95555240864894,262.310365868919,322.6122745247953,250.53079338254003,325.94982006260267
labeled-data,green01-train-2022-05-05-19.12.20,img3970.png,330.8266657143548,187.46607806363278,330.9462021593923,199.31019090615766,331.93600409414,215.09433879165704,329.90221706453383,235.28716483943413,326.7590916551424,251.41241682799878,321.8069793597205,263.6367684518246,315.22469662507984,277.2779478619696,306.009500796583,291.470421158305,293.05593533133896,304.9942982286642,278.7130589785734,314.04776888843514,260.99211661051646,321.3226820711111,249.98647871877588,324.49379807381604
labeled-data,green01-train-2022-05-05-19.12.20,img3980.png,330.7768646172451,188.907341160696,330.867627675109,199.08517597021623,332.0709105351762,214.64631253194435,330.99796986132606,233.7195410342115,327.01807546786983,247.9424413302964,320.79454308705044,264.21346633441914,314.3214211160782,277.5774892085585,305.21631224620944,291.39798947299903,295.21908889768537,302.893332282945,278.09199051430886,314.16463434960843,260.56064235277825,320.7836127371251,248.75381603991065,322.93030843037377
labeled-data,green01-train-2022-05-05-19.12.20,img3990.png,330.6519515908176,186.78736120749207,330.9622781967086,199.38628160739657,331.909781994632,214.91882697376943,329.80374612861067,233.2690205364303,325.7323599100175,250.57241196545107,320.7315633549616,264.8973464380253,314.5236439953014,277.1629692454443,307.1642703108501,289.3557966409932,294.67563617965993,302.2904534197259,278.2985994801505,313.9404124871609,257.9449678111289,320.84915081121915,248.9539899117357,322.3759206431916
labeled-data,green01-train-2022-05-05-19.12.20,img4000.png,330.8690407249909,186.48052049893903,331.2786656665984,200.18460273561158,331.8047436611357,215.44494308990045,330.0799237331849,232.74525112681363,327.1864947632297,248.29468485707352,320.87355882878194,262.498790709581,314.4441698414044,276.5261777263405,305.95334597730425,290.16638896325406,294.20672342111607,301.74337042700097,277.09566011716174,311.7521948810424,257.9583453740696,319.26435300481205,247.07349733971265,321.33765739230864
labeled-data,green01-train-2022-05-05-19.12.20,img4020.png,331.3020877350413,187.4824703489698,331.7117126766488,199.24516834026426,332.0168676189235,215.12062585908234,330.8255678124532,233.66732782166778,326.4699935281793,249.28801526774376,320.7176520462979,261.42765992119087,312.20030196164373,276.2070640407479,303.5341551229259,289.81431940474005,292.0835684557388,299.89602117046553,272.43458931047746,310.7308415440859,252.0685019642723,314.859102492641,241.33502349802902,315.1343198892113
labeled-data,green01-train-2022-05-05-19.12.20,img4030.png,330.48764466238964,188.08456280155838,331.37760168596606,200.0087309910781,331.9286409082962,215.22332543279856,330.48764466238964,233.47594454761497,326.16465592466994,249.5670692935715,319.12913359576027,263.4686550507677,311.78273808550495,275.71712314097346,301.44121055216874,287.95432888605933,289.512065396381,298.3606044474912,267.93807947633934,307.4978220136265,246.11028195723836,309.528314806101,237.48068758922167,309.2745032070417
labeled-data,green01-train-2022-05-05-19.12.20,img4050.png,330.56781056200646,187.9377946654012,331.2825904458887,199.7824437103888,332.235630291065,215.09943025292563,330.56781056200646,234.3984871177456,326.0408712974191,249.40886467927223,318.78796666869687,262.86878055836837,310.7210350268848,275.3805286025416,301.66715649771004,287.2385233209496,286.9998732804468,297.7410224147924,267.19214513615077,305.59700610176816,243.9967884195255,306.2374488777266,236.09799418270438,305.8104870270877
labeled-data,green01-train-2022-05-05-19.12.20,img4060.png,331.1751247199068,187.88987582198575,331.9607025170567,198.13532244897354,332.42170083739745,214.81461315625123,330.3440739749131,234.63648022788303,325.7732948774476,248.76434289277643,318.04060253841175,263.27532601763664,309.87770055132665,276.3786724067595,300.61415325621306,286.6715027346635,285.3807643709152,297.3760462756836,264.79510371510725,302.9341746527518,241.0138156378769,302.2406666182138,233.9117627116231,301.1599194337839
labeled-data,green01-train-2022-05-05-19.12.20,img4080.png,330.5368653582336,186.56431176212698,330.1414895259508,197.02051589836404,331.87112114148044,213.91655531868665,330.58874503524567,232.89089244745807,325.871197801623,247.98704359505058,318.32312222782673,262.32838718526347,309.4541334286161,275.1601156607171,298.8312758857659,286.97998267175024,284.9931373338061,296.4150771389955,263.8165919739888,302.2858025852815,240.33369018884494,300.3987836918324,233.41462091286505,299.3504398621385
labeled-data,green01-train-2022-05-05-19.12.20,img4090.png,331.01225498443887,187.44910760482077,330.0411729171332,196.0929056788883,331.6299651411856,213.39293418818485,330.70339990606544,233.73737677159875,325.408207481646,248.60106309874382,317.30847638372234,262.72466305134964,308.64830230497563,274.63240240962637,297.46224411992785,286.3597214745958,282.3808198557036,295.553948456488,262.5328120400621,300.2371862556843,240.67770231047933,298.67610698928553,231.98026068340045,295.9999711040305
labeled-data,green01-train-2022-05-05-19.12.20,img4100.png,331.2826939554246,187.4754391927994,331.0016829045629,197.94798226766378,332.1453307187744,215.37500214300889,330.4298589974571,234.07418671922903,324.61141503919043,247.82736590591477,318.1626940548641,261.23159694417296,309.66323970907706,272.66805625395324,299.1966573447669,284.9538075429997,282.9238810202819,295.39170295324516,261.56625808988116,299.76615584260435,239.6939936430852,296.93562750243075,232.74633317175005,294.61974067865236
labeled-data,green01-train-2022-05-05-19.12.20,img4130.png,330.9856194179724,188.08902302803375,331.1876638651498,203.44440101351424,331.99584165385926,213.74866781956032,330.37948607644023,231.932668065524,324.31815266111903,248.9044016284235,317.65068590426563,261.22911290624336,305.6543666024172,274.3209065548049,295.3061924913724,283.2318342615379,275.7596413927323,292.71766052999567,256.08591301281695,293.12785210501346,236.4723529990888,286.7234243454287,228.86709503458195,283.6546360439611
labeled-data,green01-train-2022-05-05-19.12.20,img4160.png,331.12467936786175,186.9058857984121,330.6939053578421,195.8075462437013,331.3400663728716,212.99984535240844,330.1474048583661,234.1238378172757,324.2322952075468,248.10792716901278,314.34726088957007,259.4981531484985,304.570706750821,271.1353140297562,290.55257937158814,280.50178962814886,272.15074166926905,286.39920019009975,250.77160653757934,285.59937103043404,232.4732415101945,275.99272939105697,225.61135462492518,271.6468676970531
labeled-data,green01-train-2022-05-05-19.12.20,img4200.png,330.78987647025133,186.39520437199886,330.6902159546978,197.0038948834641,331.6514244902907,214.61090202828825,329.28216743518243,234.42650648919374,322.9554018788339,247.8493405339269,313.28510676890494,259.78971776727667,301.5567254694409,270.1805754957685,287.45391480524665,278.40830418264073,267.8289183133764,281.9307394504123,246.78785137971033,277.71132708306646,229.81611781681087,265.8631357278348,224.37235422116387,260.57948282617735
labeled-data,green01-train-2022-05-05-19.12.20,img4210.png,330.5550693723163,186.9199862323467,330.702926251784,197.97878451545978,332.17523710911604,213.16670356850187,329.09691840919663,233.09476673113818,323.01110235329264,247.3607820519884,312.1540724370443,259.5749407077678,300.44883705858905,270.0926884391334,285.35077983130617,278.91402524608515,267.01945201479623,281.6022837981708,246.83216201427194,276.8389906519797,230.27404774417903,264.13687559547003,225.05710763168395,259.146758966127
labeled-data,green01-train-2022-05-05-19.12.20,img4225.png,331.066260884472,186.80954797508772,331.0727964599229,197.40898105282582,332.04979800469397,215.0075465425087,328.94179936610874,233.01618589916598,321.86458265822034,247.0275169653592,312.61410495621453,258.63717695236625,299.25221336211825,269.30577794399426,283.33127563805243,277.3450761484522,264.08536064680663,279.20069963151417,246.33975872962407,274.31160522575976,230.2238549476929,260.3686322908306,224.61045025960453,254.21199489099172
labeled-data,green01-train-2022-05-05-19.12.20,img4230.png,330.81777671171886,187.5569980648626,331.66298735092494,198.6580030658881,331.91567861336193,213.28798514131205,328.62197290843267,232.46641461398457,320.936659596931,247.3926517044111,310.575185239913,258.8370454959428,298.80725993241276,269.02620511119136,284.0433755919505,276.51211829790464,264.2888824603461,277.7597704956902,245.22116823902198,272.77907903312246,230.01255838969865,259.110581573604,224.42965097665592,253.33516011183568
labeled-data,green01-train-2022-05-05-19.12.20,img4235.png,330.6928522488132,186.9012685297875,330.6928522488132,198.26585689973686,331.47053276247703,213.73124625119056,328.82761756833787,232.1009520057043,322.4103729571079,245.8919509290346,311.1770280054801,257.6628103533418,297.9183376793876,267.3380708615715,281.1306765100725,274.6568725008702,260.3467835664678,275.01521548265646,242.2269981922323,267.24702582621836,229.89847475503174,253.47750614311127,224.61482185337437,246.75285699554735
labeled-data,green01-train-2022-05-05-19.12.20,img4245.png,330.4427288475263,187.679215894608,330.6662845429528,197.61968977113938,331.9218466872399,213.00910889970356,329.1485007377769,232.97719973583727,321.1209104183917,247.51459656943186,310.87250813485383,258.473226646744,298.43125303119797,267.9815694786026,281.0227558122772,274.77783231802,261.6117846173816,274.25747256255374,243.66830608216824,267.5303455113924,229.96549918822348,252.02057507099332,225.44809032208784,245.39504206732778
labeled-data,green01-train-2022-05-05-19.12.20,img4255.png,331.0035088231259,186.00998637300586,330.86981071449543,198.22381806273123,331.7007262277708,214.5609095477326,328.42390073133004,232.6900465525987,321.9356054653698,245.5304880901242,309.71763465020973,257.9428790337002,295.46015856637234,266.8252103907433,280.8310770919083,271.5083733367389,259.3992868267613,270.69036607471037,242.8755401337854,262.34669200201955,230.11462684614057,245.65934385663792,226.18819198840373,238.13367704597562
labeled-data,green01-train-2022-05-05-19.12.20,img4260.png,330.5936379418108,187.97515382733212,330.2200463225017,199.1747306006007,330.9672295611199,213.523701625163,328.3096101011131,231.6428951616547,320.05274584723037,247.06280689188256,309.66012690110455,257.8913386388731,293.9120964994116,266.91308677803653,278.58258629321614,270.39712748727646,258.32654781042015,269.0134661184557,242.21064402848907,259.95958758928094,230.25952436997832,243.48152866618278,226.09474024655793,236.05734827225945
labeled-data,green01-train-2022-05-05-19.12.20,img4265.png,330.5944651803964,188.13686562826166,330.9873905613337,198.5116542672628,330.99474191537047,212.75388482916537,328.7932198730132,229.96578443304924,321.1732592004328,245.8532300590687,309.6520913016199,256.96562897828227,295.41823618744314,265.77446715732344,278.83468280691676,270.73229088524425,259.070380415047,268.6139695502343,243.01806033836232,260.08668498303365,230.55229916345638,242.01133127942006,227.43585886972988,234.5318745744765
labeled-data,green01-train-2022-05-05-19.12.20,img4275.png,330.97241791003705,186.9268862408258,330.34341161222073,203.4068512436143,331.47562294829015,214.35156082561886,328.0157042352426,233.3164437991262,320.3875733144515,246.58275844398025,309.60651517888664,256.53412754258653,294.68354431839157,266.15002817348466,277.338758742639,269.8955997991509,256.64635762417134,266.7467561506884,242.70147860955183,258.8746470295322,231.45560843647155,239.08191552491093,228.08184738454744,232.33439342106277
labeled-data,green01-train-2022-05-05-19.12.20,img4285.png,331.30312559543273,187.93036095460883,331.78400360685083,200.79122343927904,331.4537058909706,213.37843090050626,328.0203119969903,233.97797848580194,320.40198816017175,244.744884329541,308.5922514883053,257.13751699406856,293.4989588905404,264.7807394394146,276.2948136338211,268.30572746800624,257.56817969617896,265.03208498284107,242.47012246889614,256.71967145321344,231.27381036776504,236.02345817536502,228.55955288870297,228.55925010794425
labeled-data,green01-train-2022-05-05-19.12.20,img4295.png,330.8146717079033,187.4263934844796,330.83536717756647,201.12620399762955,331.68384404670405,212.63239130970226,327.8139579036331,233.30627600292166,320.61520288340876,244.87714343254905,306.9845540529728,256.88762452618533,292.90325463702777,264.1712993946778,275.567459853271,267.89768518931714,256.584631139479,264.133520895215,242.2261328320529,254.20665786785872,231.4129427486827,234.17566640194332,229.2857578142492,227.26231536503457
labeled-data,green01-train-2022-05-05-19.12.20,img4300.png,331.0676446983272,188.07876831929968,331.6144181625278,201.4512774973642,331.4564849551591,213.82119187389128,328.54018302891967,233.96191862546723,319.0500836575848,247.2826938027556,306.85884867862666,257.4228517032364,292.2669913125978,264.4568301322927,275.47715265666164,267.81915470607464,255.5854908509118,262.87542138705277,241.2536776591507,252.52595304009347,232.2806623862051,233.26418793624003,229.88932900711615,225.8822457660089
labeled-data,green01-train-2022-05-05-19.12.20,img4305.png,330.6829844742563,185.80207049395494,330.498094744292,202.99681538062566,331.05276393418467,213.35064025862093,327.724748794829,233.50362082471887,319.31927438631,245.71295882660792,307.2922741561862,256.6849590365455,292.9442738816524,264.49195918592415,274.1652735223362,267.2349592384085,254.33127314283368,262.5929591495888,241.89329510260325,253.27923573372078,233.10436165038746,233.7114216325611,230.78275658753802,225.585803912588
labeled-data,green01-train-2022-05-05-19.12.20,img4315.png,330.8055358679474,187.67010483368807,331.5047957073762,202.15031927657208,331.27443147177416,213.61566157876752,327.5766368724901,232.05507650323847,320.8330131331516,245.14913160346714,308.44993552464973,255.2186778436148,293.5847856355246,263.97314891029674,274.2628191591233,266.4501054794298,255.31241825015314,261.7987638825021,242.01233854252803,251.46127638534014,232.66819152876437,231.3319861119063,231.02133867629973,223.92114827581545
labeled-data,green01-train-2022-05-05-19.12.20,img4325.png,330.62793403367925,187.126605270781,331.18668834767715,201.4472533913306,330.84522711837946,214.2882408583054,328.02041701727694,231.88898071902122,319.54598671396934,245.1438588857331,305.856522377857,257.0949785442439,291.4982861563884,263.70495793763615,274.06909346780435,265.9007617409223,255.81647435298794,261.37191639664456,241.37727644363176,250.43498361977663,232.43395053649738,229.43760975085252,231.2674297660016,223.21616564154166
labeled-data,green01-train-2022-05-05-19.12.20,img4330.png,330.8591529365972,187.65363630516345,331.38768294027415,200.72035539639168,331.1831864839571,215.35850460443834,327.62589741010396,232.83507632055662,319.491203349227,245.32018574110776,307.83659922305486,256.1792172729711,291.5574902159192,263.3615387048752,273.69502855992243,265.53490351919925,255.02880788782633,260.33150185846256,242.78415195700128,250.27175762443682,233.2232562301927,229.13278948677134,231.21043607718036,222.08791895122818
labeled-data,green01-train-2022-05-05-19.12.20,img4335.png,330.6337618723325,187.2214136745791,331.2053143725077,201.4974046258708,331.23608305448397,214.92818805354437,327.20036797835223,233.20912539899146,320.25238842457264,245.4989020717681,307.2725301049268,256.31073044710325,292.5456140456074,263.0568908429163,273.42191651229984,265.16501498044624,256.79611639936263,261.01708060148854,241.3873681825523,247.90325233186275,233.5017757636071,227.82385862924653,231.81377573130897,220.36852515326333
labeled-data,green01-train-2022-05-05-19.12.20,img4345.png,330.8032295115221,186.85651377865804,330.78743650234406,202.51468547017993,331.6704957706325,212.35414179650462,330.39315097116565,232.6639652688667,323.1758251941261,246.68510096342908,313.608786440607,258.34123407513783,301.1078006941675,269.4608695151612,286.27654081699404,276.5284140272336,265.1882194945882,279.16588394702643,247.90715665019638,273.5930513040907,232.3916679707263,258.91623768837576,227.35961758819548,251.99716841239584
labeled-data,green01-train-2022-05-05-19.12.20,img4350.png,330.3131983430489,186.97617746161836,330.9754253319811,200.412676012775,331.2376469928699,214.55497309439932,328.46430104340686,233.4221656480951,319.92070749959134,248.6604554360842,311.11850148030226,258.4962993225452,298.59365027720145,269.01976685077585,284.72229103412576,276.15558483980067,264.9085926529106,278.957521984619,243.13236984347236,273.2615840459383,229.71738098277086,261.79079646939647,223.30151674504407,254.98609197483768
labeled-data,green01-train-2022-05-05-19.12.20,img4355.png,331.1303766400563,187.1903445756264,331.0835419841774,201.48866411154702,331.6621728736647,212.89382920003106,330.06678417283956,231.15216655391853,324.57155642555307,246.9287881509669,315.7317380840199,260.3784890007168,306.0777158593146,270.90930788298414,293.48070815049897,281.20703911357936,273.97198251974027,288.8790098672485,252.67917297009035,287.6496647101587,233.44301673505205,279.5240469901856,227.30734621180707,275.212494730608
labeled-data,green01-train-2022-05-05-19.12.20,img4360.png,330.9494830061629,187.25858222854094,330.9064605096646,198.60465417324207,331.84479608897334,213.6349129836401,329.96213372656024,233.46794356868944,324.9664591782654,248.55144901647995,317.85514726049047,261.4104085370477,308.7364620218437,273.51020241140594,297.02659714762785,284.5382351281308,281.70237132010476,293.59557271725595,260.2323564165452,296.66271770347873,238.221080633064,292.87389154402706,231.18468919408227,289.9871668511115
labeled-data,green01-train-2022-05-05-19.12.20,img4365.png,330.722387906655,187.6888225362474,329.88371284289985,203.45591373484402,331.8965329959122,215.02962961466494,329.71597783014886,233.480481017278,325.10780660968675,248.5257931838478,318.2913926722612,261.29135479958836,310.4859963402674,272.4824930333036,299.59052746794356,285.7198733884581,283.8866083060592,296.533336436553,265.1220726487118,301.8529318876024,240.83782539398692,301.14714869985863,233.4727334704645,299.5689147162467
labeled-data,green01-train-2022-05-05-19.12.20,img4370.png,330.66456221404894,186.1914444531002,332.2749281454662,199.9898251806992,331.8082100282605,215.3544637154948,330.28089582463286,232.5690851776549,326.527728419544,249.37181897694583,321.8206583196095,262.0274085141989,314.84457368350616,275.1692154520596,305.95846224861106,288.2622424648261,293.2007708037355,301.1828686332559,274.6126816634171,311.48713543930194,254.40823694567968,315.9321132772042,244.48334099256385,316.57145052694233
labeled-data,green01-train-2022-05-05-19.12.20,img4375.png,330.5694240584644,187.64437275786838,330.9337582440463,201.80218676835818,332.0371054200359,215.4420945903153,330.988761590342,232.9328262006459,327.8769507923761,249.0441004868165,321.8643876568593,264.4010033360492,315.67905493307023,277.7673555897763,308.67442032821424,289.7847715230697,298.8012399179727,302.64127903449787,283.557953009309,314.87521284881166,264.04692960029905,323.922039757148,252.39300184108163,326.4418079213031
labeled-data,green01-train-2022-05-05-19.12.20,img4380.png,330.5342435456195,186.77672528281988,330.60487262275745,202.48642583351605,331.4054260927056,215.25757627325814,330.5342435456195,233.61852954463984,327.54116949465185,248.89814968703917,323.77094386713446,262.33982366340564,318.03364399917314,276.60111190662366,312.77529077646506,290.6482944529527,302.4482710027517,304.55925929868806,289.4232325383741,318.6660691795365,272.30812946506256,329.56200943373085,261.2306292531064,335.82320520570613
labeled-data,green01-train-2022-05-05-19.12.20,img4385.png,330.8313622947119,187.53138035382426,330.13754928742355,202.09913091280941,331.87208180564437,215.0248820646599,331.6986285538223,232.28231932392237,329.31422698978616,249.14890611806763,325.377269800705,264.0062893077562,321.12057406708374,279.30378960045766,315.50926995695687,293.84401175237537,307.9560814066375,308.2241207231756,296.5621742260758,323.6054715717384,285.74804884747994,335.3975778614683,275.1797008191789,344.6448823862317
labeled-data,green01-train-2022-05-05-19.12.20,img4390.png,330.32852131767964,186.41674307249986,330.8088533996485,203.70869802337853,331.05844571048976,216.8189223908135,330.9689640936381,233.66825033915066,329.1425878075329,249.50858044082247,326.0351193651338,265.71468746328793,322.9926743748463,278.4404406862201,319.4759573461458,291.7259202565726,312.2080754868314,307.27752032156445,302.1268200045565,325.56444887080715,293.45225133376186,337.9901823722157,284.3087870591405,349.9470202697975
labeled-data,green01-train-2022-05-05-19.12.20,img4395.png,330.9478161394736,187.19354678950617,330.34740103701256,199.89652663975693,331.3480928744476,214.41236476774117,330.74767777198656,230.62357253418992,328.9464324646034,248.4453135103917,326.75630554137706,265.7157082431557,323.05253273974216,280.9216499148123,319.709026346655,294.1845752723106,315.0085297016506,308.05924172417184,307.7745407623828,325.1478709197524,301.3991207125331,338.6804119496862,292.7798283527587,352.5166444219556
labeled-data,green01-train-2022-05-05-19.12.20,img4400.png,331.0352432496709,187.99169859904435,331.97906508218017,201.49554430502798,331.95016150104016,215.57246346125646,331.2639728125132,231.412610459656,329.66068221503,251.00989805462314,327.5388458792372,265.84726132546484,325.4684173962183,280.1191979176304,321.6064604872611,294.17231571257594,318.4967934129568,306.9871289271192,313.2639445191428,322.9778224878111,304.48072930599807,342.00812211629136,298.80823614750875,354.633993985187
labeled-data,green01-train-2022-05-05-19.12.20,img4410.png,330.9308520302296,186.74977331599825,330.41621051383436,204.41913204556673,330.9308520302296,217.11362278331498,330.5877576859661,233.06750979156612,329.3869274810439,249.70758548834422,327.60957048178904,267.254277606618,325.60965740004457,280.0870532144784,323.2764254713427,295.0864013275619,321.0215267480733,308.72301341388084,317.30303392330075,321.4441730775766,311.2568062368742,342.24320359976747,306.0093278755997,355.9673777754084
labeled-data,green01-train-2022-05-05-19.12.20,img4420.png,330.73937107669605,186.94407907963276,330.8956696113049,203.8243208173953,331.52086374974067,220.23566695133113,330.895669611305,236.3344160160491,329.3746659693235,251.12126972029037,328.6879709522888,266.31213034651853,326.35339054919575,278.7775601045365,324.4096606112199,293.4191256020786,321.8531967941887,309.39168715854123,317.61607550969075,327.31524090902974,313.1147420902292,344.14631369484255,309.0048289681121,356.8674733585383
labeled-data,green01-train-2022-05-05-19.12.20,img4450.png,330.7992800407503,187.82667383702778,330.15710611541954,202.38261614452577,331.44145396608116,217.79479035246482,330.7992800407503,231.708558734632,329.51493219008876,247.76290686790185,327.96829051108205,262.2949118146934,326.90411657767675,277.37070920460206,326.3720296109741,292.0917819500422,323.5455906334977,305.407656556104,320.44174999439883,321.12562787134334,314.5693989072274,345.16538473918615,311.16740608851075,357.4125588865663
labeled-data,green01-train-2022-05-05-19.12.20,img4460.png,330.8828931591406,187.4488852248258,329.87267092325374,201.79404097441937,331.89311539502745,216.5432856183677,331.084937606318,232.10070805102555,330.4788042647858,249.072441613925,328.86244868736685,263.61964181069595,327.2905221665056,279.97889860233306,325.3701163326592,295.82224673156566,323.20965976958206,309.74518902695183,319.3688481018893,328.46914590695394,314.80788424650416,345.7527984115713,310.96707257881144,358.7155377900343
labeled-data,green01-train-2022-05-05-19.12.20,img4466.png,330.8618592344943,187.7689830284705,331.0269896724365,203.12611375709548,331.8526418621475,218.6483749236627,331.35725054832085,235.16141871788307,330.2798114511927,249.90120506329032,328.6994547487075,266.1992350184737,327.18929968354746,282.45425920180134,325.99507096849555,293.665179419761,324.02726658301765,308.51315796473085,320.2705491198325,324.79226697186647,315.22730952850924,344.4941074916367,311.09874091920557,357.53169257364846
